,11q13 Invasive Tumor Cells,11q13 Invasive Tumor Cells (G1/S),11q13 Invasive Tumor Cells (Mitotic),Apocrine Cells,B Cells,Basal-like Structured DCIS Cells,"CAFs, DCIS Associated","CAFs, Invasive Associated",CXCL14+ Fibroblasts,Dendritic Cells,Endothelial Cells,Luminal-like Amorphous DCIS Cells,Macrophages,Mast Cells,Myeloid Cells,Myoepithelial Cells,Pericytes,Plasma Cells,T Lymphocytes
ABHD2,0.2794298602469507,0.2794298602469507,0.2794298602469507,1.0,0.1790590287832922,0.10726109849241293,0.4888413368386518,0.2794298602469507,0.4888413368386518,0.1790590287832922,0.4888413368386518,1.0,0.4888413368386518,0.4888413368386518,0.4888413368386518,0.4888413368386518,0.4888413368386518,0.4888413368386518,0.1790590287832922
ACADSB,0.26919977294613057,0.26919977294613057,0.26919977294613057,1.0,0.1712665491342497,0.10135846403847826,0.49186771187686584,0.26919977294613057,0.49186771187686584,0.1712665491342497,0.49186771187686584,1.0,0.49186771187686584,0.49186771187686584,0.49186771187686584,0.49186771187686584,0.49186771187686584,0.49186771187686584,0.1712665491342497
ACBD3,0.4911939614309894,0.4911939614309894,0.4911939614309894,1.0,0.4911939614309894,0.4911939614309894,0.37292555145291545,0.4911939614309894,0.12432364641171648,0.4911939614309894,0.12432364641171648,1.0,0.15466985673087494,0.21206134219812264,0.17155563889452918,0.37292555145291545,0.12432364641171648,0.37292555145291545,0.4911939614309894
ACTG1,0.48774983673148875,0.48774983673148875,0.48774983673148875,1.0,0.48774983673148875,0.48774983673148875,0.3753583733480162,0.48774983673148875,0.13163745009235808,0.48774983673148875,0.13163745009235808,1.0,0.14839126276272274,0.21305141719426568,0.17362562390070396,0.3753583733480162,0.13163745009235808,0.3753583733480162,0.48774983673148875
ACTN4,0.4902236636721441,0.4902236636721441,0.4902236636721441,1.0,0.4902236636721441,0.4902236636721441,0.3733232285501002,0.4902236636721441,0.11683411755127492,0.4902236636721441,0.11683411755127492,1.0,0.15000822849258375,0.21152151671991093,0.17134396756565695,0.3733232285501002,0.11683411755127492,0.3733232285501002,0.4902236636721441
ADAM15,0.2761450865754065,0.2761450865754065,0.2761450865754065,1.0,0.1651924556808477,0.11113021663183027,0.48850689565565214,0.2761450865754065,0.48850689565565214,0.1651924556808477,0.48850689565565214,1.0,0.48850689565565214,0.48850689565565214,0.48850689565565214,0.48850689565565214,0.48850689565565214,0.48850689565565214,0.1651924556808477
ADAR,0.38588398580427785,0.38588398580427785,0.38588398580427785,1.0,0.16137194173435893,0.12196696466419639,0.6218739099094053,0.38588398580427785,0.25753590190767733,0.16137194173435893,0.25753590190767733,0.6218739099094053,0.25753590190767733,0.25753590190767733,0.25753590190767733,0.6218739099094053,0.25753590190767733,0.6218739099094053,0.16137194173435893
ADCY1,0.2662289850839956,0.2662289850839956,0.2662289850839956,1.0,0.17299354532350705,0.10694331245817323,0.49324739930160005,0.2662289850839956,0.49324739930160005,0.17299354532350705,0.49324739930160005,1.0,0.49324739930160005,0.49324739930160005,0.49324739930160005,0.49324739930160005,0.49324739930160005,0.49324739930160005,0.17299354532350705
ADD3,0.5106644434328913,0.5106644434328913,0.5106644434328913,1.0,0.5106644434328913,0.5106644434328913,0.3540462469349549,0.5106644434328913,0.1033701427086998,0.5106644434328913,0.1033701427086998,1.0,0.18247065413750344,0.200875434717591,0.16827401347516657,0.3540462469349549,0.1033701427086998,0.3540462469349549,0.5106644434328913
ADIPOR1,0.38373796251363357,0.38373796251363357,0.38373796251363357,1.0,0.16072389505306303,0.10725011983033132,0.6227022091749835,0.38373796251363357,0.2614377101581096,0.16072389505306303,0.2614377101581096,0.6227022091749835,0.2614377101581096,0.2614377101581096,0.2614377101581096,0.6227022091749835,0.2614377101581096,0.6227022091749835,0.16072389505306303
AEBP1,0.38807092916253555,0.38807092916253555,0.38807092916253555,1.0,0.15252159693158618,0.17503145307785767,0.6217120683983273,0.38807092916253555,0.25502221870026487,0.15252159693158618,0.25502221870026487,0.6217120683983273,0.07076636850986992,0.25502221870026487,0.25502221870026487,0.6217120683983273,0.25502221870026487,0.6217120683983273,0.15252159693158618
AFF3,0.3900411022355997,0.3900411022355997,0.3900411022355997,1.0,0.1846489266719973,0.1486303035945652,0.6205410682569856,0.3900411022355997,0.25669770591323116,0.1846489266719973,0.25669770591323116,0.6205410682569856,0.25669770591323116,0.25669770591323116,0.25669770591323116,0.6205410682569856,0.25669770591323116,0.6205410682569856,0.1846489266719973
AGR3,0.2556983812342475,0.2556983812342475,0.2556983812342475,1.0,0.17712447322563984,0.13501004920169307,0.4969935634670151,0.2556983812342475,0.4969935634670151,0.17712447322563984,0.4969935634670151,1.0,0.4969935634670151,0.4969935634670151,0.4969935634670151,0.4969935634670151,0.4969935634670151,0.4969935634670151,0.17712447322563984
AHNAK,0.5011420172177838,0.5011420172177838,0.5011420172177838,1.0,0.5011420172177838,0.5011420172177838,0.36253738824345805,0.5011420172177838,0.058837468319710234,0.5011420172177838,0.07352435392222158,1.0,0.17094550334351313,0.20315374923722454,0.15927886314230008,0.36253738824345805,0.07352435392222158,0.36253738824345805,0.5011420172177838
AKR1A1,0.4839845925759739,0.4839845925759739,0.4839845925759739,1.0,0.4839845925759739,0.4839845925759739,0.3802629568235948,0.4839845925759739,0.17067265451927038,0.4839845925759739,0.17067265451927038,1.0,0.14128868331082198,0.2186239632402858,0.17067265451927038,0.3802629568235948,0.17067265451927038,0.3802629568235948,0.4839845925759739
AKT1,0.48423994160991174,0.48423994160991174,0.48423994160991174,1.0,0.48423994160991174,0.48423994160991174,0.38017350824041785,0.48423994160991174,0.17091625154422516,0.48423994160991174,0.17091625154422516,1.0,0.14620023507347232,0.21895472268044863,0.17091625154422516,0.38017350824041785,0.17091625154422516,0.38017350824041785,0.48423994160991174
ANKRD40,0.2760264552287991,0.2760264552287991,0.2760264552287991,1.0,0.16621591021241652,0.10244169026669207,0.48867046896323196,0.2760264552287991,0.48867046896323196,0.16621591021241652,0.48867046896323196,1.0,0.48867046896323196,0.48867046896323196,0.48867046896323196,0.48867046896323196,0.48867046896323196,0.48867046896323196,0.16621591021241652
ANO1,0.27583213378555166,0.27583213378555166,0.27583213378555166,1.0,0.17341668351193806,0.08919378593605365,0.4899612754690801,0.27583213378555166,0.4899612754690801,0.17341668351193806,0.4899612754690801,1.0,0.4899612754690801,0.4899612754690801,0.4899612754690801,0.4899612754690801,0.4899612754690801,0.4899612754690801,0.17341668351193806
ANXA2,0.4892958716787554,0.4892958716787554,0.4892958716787554,1.0,0.4892958716787554,0.4892958716787554,0.3751540569215773,0.4892958716787554,0.1325421410925293,0.4892958716787554,0.1325421410925293,1.0,0.15189020315481236,0.21408447890770413,0.1719107528133055,0.3751540569215773,0.1325421410925293,0.3751540569215773,0.4892958716787554
ANXA5,0.48396456003568616,0.48396456003568616,0.48396456003568616,1.0,0.48396456003568616,0.48396456003568616,0.38038434451164244,0.48396456003568616,0.17034687686003838,0.48396456003568616,0.17034687686003838,1.0,0.14186619060117958,0.21894017667599214,0.17034687686003838,0.38038434451164244,0.17034687686003838,0.38038434451164244,0.48396456003568616
ANXA7,0.4905024510672596,0.4905024510672596,0.4905024510672596,1.0,0.4905024510672596,0.4905024510672596,0.3729970793711002,0.4905024510672596,0.11801882954365815,0.4905024510672596,0.11801882954365815,1.0,0.1509946334255283,0.21109410540642978,0.17183282922701162,0.3729970793711002,0.11801882954365815,0.3729970793711002,0.4905024510672596
AP2M1,0.4841161339624035,0.4841161339624035,0.4841161339624035,1.0,0.4841161339624035,0.4841161339624035,0.3803356586194198,0.4841161339624035,0.15963376183398995,0.4841161339624035,0.15963376183398995,1.0,0.1390143335576839,0.21867274112258778,0.17658021128784354,0.3803356586194198,0.15963376183398995,0.3803356586194198,0.4841161339624035
APEX1,0.3859290590926398,0.3859290590926398,0.3859290590926398,1.0,0.1630004651864623,0.11845647917906627,0.6218706651231395,0.3859290590926398,0.25807256625869535,0.1630004651864623,0.25807256625869535,0.6218706651231395,0.25807256625869535,0.25807256625869535,0.25807256625869535,0.6218706651231395,0.25807256625869535,0.6218706651231395,0.1630004651864623
APOE,0.39242484274779077,0.39242484274779077,0.39242484274779077,1.0,0.25889319884594447,0.25889319884594447,0.6201652471775414,0.39242484274779077,0.13535351560158856,0.25889319884594447,0.13535351560158856,0.6201652471775414,0.09043334162092986,0.19873644447195252,0.16388458654072285,0.6201652471775414,0.13535351560158856,0.6201652471775414,0.25889319884594447
APP,0.491702899901976,0.491702899901976,0.491702899901976,1.0,0.491702899901976,0.491702899901976,0.3716295586358446,0.491702899901976,0.10877476249012435,0.491702899901976,0.10877476249012435,1.0,0.15205149882167973,0.2101634927330139,0.17072510702397595,0.3716295586358446,0.10877476249012435,0.3716295586358446,0.491702899901976
APPBP2,0.3893366302170122,0.3893366302170122,0.3893366302170122,1.0,0.17881166470237903,0.14312663220099922,0.6206540723877361,0.3893366302170122,0.25568527127566376,0.17881166470237903,0.25568527127566376,0.6206540723877361,0.25568527127566376,0.25568527127566376,0.25568527127566376,0.6206540723877361,0.25568527127566376,0.6206540723877361,0.17881166470237903
APRT,0.3831334682482255,0.3831334682482255,0.3831334682482255,1.0,0.15799292371000656,0.1100609153788209,0.6229419654195149,0.3831334682482255,0.26180183793396766,0.15799292371000656,0.26180183793396766,0.6229419654195149,0.26180183793396766,0.26180183793396766,0.26180183793396766,0.6229419654195149,0.26180183793396766,0.6229419654195149,0.15799292371000656
ARF1,0.48439404995091495,0.48439404995091495,0.48439404995091495,1.0,0.48439404995091495,0.48439404995091495,0.38020143977583154,0.48439404995091495,0.15992385811411164,0.48439404995091495,0.15992385811411164,1.0,0.14341800219985815,0.21879187669073305,0.17638163811077212,0.38020143977583154,0.15992385811411164,0.38020143977583154,0.48439404995091495
ARF6,0.38333710636522794,0.38333710636522794,0.38333710636522794,1.0,0.15516329068573828,0.10932053820337925,0.622846908288091,0.38333710636522794,0.2609471522121959,0.15516329068573828,0.2609471522121959,0.622846908288091,0.2609471522121959,0.2609471522121959,0.2609471522121959,0.622846908288091,0.2609471522121959,0.622846908288091,0.15516329068573828
ARFGEF1,0.3876737167472738,0.3876737167472738,0.3876737167472738,1.0,0.17035111843434886,0.13024900852938026,0.6212462694071382,0.3876737167472738,0.2564890797624218,0.17035111843434886,0.2564890797624218,0.6212462694071382,0.2564890797624218,0.2564890797624218,0.2564890797624218,0.6212462694071382,0.2564890797624218,0.6212462694071382,0.17035111843434886
ARL1,0.49510471722845667,0.49510471722845667,0.49510471722845667,1.0,0.49510471722845667,0.49510471722845667,0.3687137222093542,0.49510471722845667,0.09147169009343024,0.49510471722845667,0.09147169009343024,1.0,0.15412993593138194,0.20785545977193545,0.16883897699632977,0.3687137222093542,0.09147169009343024,0.3687137222093542,0.49510471722845667
ARPP19,0.28088373998574145,0.28088373998574145,0.28088373998574145,1.0,0.16951321471263936,0.1049526290395158,0.4870756491935034,0.28088373998574145,0.4870756491935034,0.16951321471263936,0.4870756491935034,1.0,0.4870756491935034,0.4870756491935034,0.4870756491935034,0.4870756491935034,0.4870756491935034,0.4870756491935034,0.16951321471263936
ASH1L,0.4889224351012419,0.4889224351012419,0.4889224351012419,1.0,0.4889224351012419,0.4889224351012419,0.3749927159593579,0.4889224351012419,0.12839710150684552,0.4889224351012419,0.12839710150684552,1.0,0.14948498291983564,0.21348093651488137,0.171904867771679,0.3749927159593579,0.12839710150684552,0.3749927159593579,0.4889224351012419
ATL3,0.49621773154311766,0.49621773154311766,0.49621773154311766,1.0,0.49621773154311766,0.49621773154311766,0.3676007198325135,0.49621773154311766,0.07502584548904338,0.49621773154311766,0.07283494316251442,1.0,0.15142503347177907,0.20616983842569075,0.1684184616055488,0.3676007198325135,0.07283494316251442,0.3676007198325135,0.49621773154311766
ATP5F1A,0.28024322194104284,0.28024322194104284,0.28024322194104284,1.0,0.1629734713209522,0.10151214587357635,0.48676976137053546,0.28024322194104284,0.48676976137053546,0.1629734713209522,0.48676976137053546,1.0,0.48676976137053546,0.48676976137053546,0.48676976137053546,0.48676976137053546,0.48676976137053546,0.48676976137053546,0.1629734713209522
ATP6AP1,0.5061802967965293,0.5061802967965293,0.5061802967965293,1.0,0.5061802967965293,0.5061802967965293,0.36030346169327643,0.5061802967965293,0.12183340191830162,0.5061802967965293,0.12183340191830162,1.0,0.1835912989230575,0.20605054519611446,0.16661844986604502,0.36030346169327643,0.12183340191830162,0.36030346169327643,0.5061802967965293
ATP6V1G1,0.26679017897593055,0.26679017897593055,0.26679017897593055,1.0,0.16959640782914165,0.10458572826608116,0.4925118438231777,0.26679017897593055,0.4925118438231777,0.16959640782914165,0.4925118438231777,1.0,0.4925118438231777,0.4925118438231777,0.4925118438231777,0.4925118438231777,0.4925118438231777,0.4925118438231777,0.16959640782914165
AZIN1,0.3851442518299445,0.3851442518299445,0.3851442518299445,1.0,0.15944168727030322,0.11380953343406149,0.6221839437908601,0.3851442518299445,0.25868980080416015,0.15944168727030322,0.25868980080416015,0.6221839437908601,0.25868980080416015,0.25868980080416015,0.25868980080416015,0.6221839437908601,0.25868980080416015,0.6221839437908601,0.15944168727030322
B2M,0.3845046195234967,0.3845046195234967,0.3845046195234967,1.0,0.10409634179159888,0.15198413081867834,0.6225648466069515,0.3845046195234967,0.2579170383048692,0.11739420168561775,0.2579170383048692,0.6225648466069515,0.2579170383048692,0.2579170383048692,0.2579170383048692,0.6225648466069515,0.2579170383048692,0.6225648466069515,0.10409634179159888
BCL2,0.4862709890389399,0.4862709890389399,0.4862709890389399,1.0,0.4862709890389399,0.4862709890389399,0.37875068195518996,0.4862709890389399,0.16176381844921997,0.4862709890389399,0.16176381844921997,1.0,0.16176381844921997,0.21794210152831342,0.175331798222041,0.37875068195518996,0.16176381844921997,0.37875068195518996,0.4862709890389399
BHLHE40,0.4860283186584748,0.4860283186584748,0.4860283186584748,1.0,0.4860283186584748,0.4860283186584748,0.37805058132081776,0.4860283186584748,0.15240369269660217,0.4860283186584748,0.15240369269660217,1.0,0.14049298164240334,0.21628976035348507,0.17432242323424774,0.37805058132081776,0.15240369269660217,0.37805058132081776,0.4860283186584748
BRD2,0.49450145087920444,0.49450145087920444,0.49450145087920444,1.0,0.49450145087920444,0.49450145087920444,0.36926627665831624,0.49450145087920444,0.10071303554079505,0.49450145087920444,0.10071303554079505,1.0,0.15561169115676457,0.20845035078643884,0.17023513480810307,0.36926627665831624,0.10071303554079505,0.36926627665831624,0.49450145087920444
BRD4,0.4872600831763063,0.4872600831763063,0.4872600831763063,1.0,0.4872600831763063,0.4872600831763063,0.37622953579889107,0.4872600831763063,0.14498980432226133,0.4872600831763063,0.14498980432226133,1.0,0.13248901179131878,0.21407471686552604,0.173737961162985,0.37622953579889107,0.14498980432226133,0.37622953579889107,0.4872600831763063
BRMS1,0.13932676281692882,0.13932676281692882,0.13932676281692882,1.0,0.2569521378015076,0.2569521378015076,0.500144052718978,0.13932676281692882,0.500144052718978,0.2569521378015076,0.500144052718978,1.0,0.500144052718978,0.500144052718978,0.500144052718978,0.500144052718978,0.500144052718978,0.500144052718978,0.2569521378015076
BROX,0.38620272368487263,0.38620272368487263,0.38620272368487263,1.0,0.1638480797801993,0.12151095571503662,0.6217773369379916,0.38620272368487263,0.2577061952189644,0.1638480797801993,0.2577061952189644,0.6217773369379916,0.2577061952189644,0.2577061952189644,0.2577061952189644,0.6217773369379916,0.2577061952189644,0.6217773369379916,0.1638480797801993
BTG2,0.38233589394777334,0.38233589394777334,0.38233589394777334,1.0,0.1513357757458681,0.09616793384359092,0.6232012872370366,0.38233589394777334,0.2626605528435068,0.1513357757458681,0.2626605528435068,0.6232012872370366,0.2626605528435068,0.2626605528435068,0.2626605528435068,0.6232012872370366,0.2626605528435068,0.6232012872370366,0.1513357757458681
C1QA,0.4882169400586662,0.4882169400586662,0.4882169400586662,1.0,0.4882169400586662,0.4882169400586662,0.37814693408603345,0.4882169400586662,0.1493366463875708,0.4882169400586662,0.1493366463875708,1.0,0.042204813327589887,0.21404428779638407,0.17967067900042727,0.37814693408603345,0.1493366463875708,0.37814693408603345,0.4882169400586662
C1R,0.4983254508331549,0.4983254508331549,0.4983254508331549,1.0,0.4983254508331549,0.4983254508331549,0.36615229214530703,0.4983254508331549,0.07766417141660123,0.4983254508331549,0.054640016196530646,1.0,0.1454009619180725,0.20353107473961254,0.1722981678376674,0.36615229214530703,0.06622391754751922,0.36615229214530703,0.4983254508331549
C1orf21,0.5023904123133296,0.5023904123133296,0.5023904123133296,1.0,0.5023904123133296,0.5023904123133296,0.361580968511322,0.5023904123133296,0.06072849357306581,0.5023904123133296,0.07795667221995647,1.0,0.17291050525516868,0.20357817478778023,0.1588938657538718,0.361580968511322,0.07795667221995647,0.361580968511322,0.5023904123133296
C1orf43,0.48981074189252893,0.48981074189252893,0.48981074189252893,1.0,0.48981074189252893,0.48981074189252893,0.3751661745175909,0.48981074189252893,0.14344937945161843,0.48981074189252893,0.14344937945161843,1.0,0.1566348304456213,0.21480345532088188,0.17374283776423344,0.3751661745175909,0.14344937945161843,0.3751661745175909,0.48981074189252893
C3,0.4859707499943236,0.4859707499943236,0.4859707499943236,1.0,0.4859707499943236,0.4859707499943236,0.381222045942851,0.4859707499943236,0.17515146984329752,0.4859707499943236,0.17515146984329752,1.0,0.05205446210002986,0.217270855831791,0.17515146984329752,0.381222045942851,0.17515146984329752,0.381222045942851,0.4859707499943236
CA12,0.2597252080054007,0.2597252080054007,0.2597252080054007,1.0,0.17767217951681988,0.1253508060876658,0.4957666343554733,0.2597252080054007,0.4957666343554733,0.17767217951681988,0.4957666343554733,1.0,0.4957666343554733,0.4957666343554733,0.4957666343554733,0.4957666343554733,0.4957666343554733,0.4957666343554733,0.17767217951681988
CAB39,0.38898105002185224,0.38898105002185224,0.38898105002185224,1.0,0.2574268995534411,0.2574268995534411,0.6209437666802818,0.38898105002185224,0.14835506675239987,0.2574268995534411,0.14835506675239987,0.6209437666802818,0.11113745120898623,0.20375924852678387,0.16535707526840604,0.6209437666802818,0.14835506675239987,0.6209437666802818,0.2574268995534411
CALD1,0.4914509474457043,0.4914509474457043,0.4914509474457043,1.0,0.4914509474457043,0.4914509474457043,0.3711866752820562,0.4914509474457043,0.08433405961365839,0.4914509474457043,0.05276348884937301,1.0,0.13905359584192878,0.20707852019276093,0.1719932906299697,0.3711866752820562,0.08433405961365839,0.3711866752820562,0.4914509474457043
CALM2,0.49059350099304305,0.49059350099304305,0.49059350099304305,1.0,0.49059350099304305,0.49059350099304305,0.37305291460572454,0.49059350099304305,0.1175469748541552,0.49059350099304305,0.1175469748541552,1.0,0.15081265461890775,0.21133882992199132,0.17110923655622776,0.37305291460572454,0.1175469748541552,0.37305291460572454,0.49059350099304305
CAND1,0.5037836696502221,0.5037836696502221,0.5037836696502221,1.0,0.5037836696502221,0.5037836696502221,0.36294818588093064,0.5037836696502221,0.12141429526345741,0.5037836696502221,0.12141429526345741,1.0,0.18133959590738358,0.20763009279080416,0.16547597220091168,0.36294818588093064,0.12141429526345741,0.36294818588093064,0.5037836696502221
CAPN1,0.25677063552747437,0.25677063552747437,0.25677063552747437,1.0,0.1721357573940486,0.126482419446409,0.49615020947715077,0.25677063552747437,0.49615020947715077,0.1721357573940486,0.49615020947715077,1.0,0.49615020947715077,0.49615020947715077,0.49615020947715077,0.49615020947715077,0.49615020947715077,0.49615020947715077,0.1721357573940486
CAPNS1,0.4860909555186103,0.4860909555186103,0.4860909555186103,1.0,0.4860909555186103,0.4860909555186103,0.37831332759196284,0.4860909555186103,0.15405775290719223,0.4860909555186103,0.15405775290719223,1.0,0.14513696079635077,0.21692952412147978,0.1747557383331537,0.37831332759196284,0.15405775290719223,0.37831332759196284,0.4860909555186103
CCDC6,0.5048761926566279,0.5048761926566279,0.5048761926566279,1.0,0.5048761926566279,0.5048761926566279,0.3613893655949893,0.5048761926566279,0.11039778647932937,0.5048761926566279,0.11039778647932937,1.0,0.1804382491820637,0.20572923570400772,0.1639314216103673,0.3613893655949893,0.11039778647932937,0.3613893655949893,0.5048761926566279
CCN1,0.5088477782622866,0.5088477782622866,0.5088477782622866,1.0,0.5088477782622866,0.5088477782622866,0.35664253052180744,0.5088477782622866,0.09246018171803688,0.5088477782622866,0.09246018171803688,1.0,0.1785513615364582,0.20051513491377942,0.16851095512036307,0.35664253052180744,0.09246018171803688,0.35664253052180744,0.5088477782622866
CCN2,0.4936099523069986,0.4936099523069986,0.4936099523069986,1.0,0.4936099523069986,0.4936099523069986,0.3700946941656868,0.4936099523069986,0.08070165179729986,0.4936099523069986,0.048298481079548546,1.0,0.1422673248643937,0.2063234409082626,0.17082674372028592,0.3700946941656868,0.08070165179729986,0.3700946941656868,0.4936099523069986
CCND1,0.07255732623496043,0.11849937345543926,0.11849937345543926,1.0,0.2576200543428474,0.2576200543428474,0.5012957572163864,0.11849937345543926,0.5012957572163864,0.2576200543428474,0.5012957572163864,1.0,0.5012957572163864,0.5012957572163864,0.5012957572163864,0.5012957572163864,0.5012957572163864,0.5012957572163864,0.2576200543428474
CCNG2,0.48825210181582984,0.48825210181582984,0.48825210181582984,1.0,0.48825210181582984,0.48825210181582984,0.37691200059658275,0.48825210181582984,0.15799292013413044,0.48825210181582984,0.15799292013413044,1.0,0.15799292013413044,0.21666261381688942,0.17473110972012815,0.37691200059658275,0.15799292013413044,0.37691200059658275,0.48825210181582984
CCNI,0.48628776133728635,0.48628776133728635,0.48628776133728635,1.0,0.48628776133728635,0.48628776133728635,0.37747013190307854,0.48628776133728635,0.15015632956326536,0.48628776133728635,0.15015632956326536,1.0,0.13744051965291082,0.2158951886801359,0.17460201856904198,0.37747013190307854,0.15015632956326536,0.37747013190307854,0.48628776133728635
CCT2,0.38809722157713006,0.38809722157713006,0.38809722157713006,1.0,0.17814080922920475,0.13871295654064414,0.6210836991482676,0.38809722157713006,0.2579942877328044,0.17814080922920475,0.2579942877328044,0.6210836991482676,0.2579942877328044,0.2579942877328044,0.2579942877328044,0.6210836991482676,0.2579942877328044,0.6210836991482676,0.17814080922920475
CCT3,0.38305796793312674,0.38305796793312674,0.38305796793312674,1.0,0.1636115762764505,0.10433279149025253,0.6228803314489222,0.38305796793312674,0.26361615123208704,0.1636115762764505,0.26361615123208704,0.6228803314489222,0.26361615123208704,0.26361615123208704,0.26361615123208704,0.6228803314489222,0.26361615123208704,0.6228803314489222,0.1636115762764505
CD151,0.4959055351860569,0.4959055351860569,0.4959055351860569,1.0,0.4959055351860569,0.4959055351860569,0.3688704850984658,0.4959055351860569,0.09962141547968534,0.4959055351860569,0.09962141547968534,1.0,0.15757566802575682,0.2089928808401231,0.16952800181720132,0.3688704850984658,0.09962141547968534,0.3688704850984658,0.4959055351860569
CD163,0.4868979053686036,0.4868979053686036,0.4868979053686036,1.0,0.4868979053686036,0.4868979053686036,0.38001354271284005,0.4868979053686036,0.15662799424164792,0.4868979053686036,0.15662799424164792,1.0,0.04730775925799594,0.21586691380070885,0.1806966462711226,0.38001354271284005,0.15662799424164792,0.38001354271284005,0.4868979053686036
CD164,0.48988103140109945,0.48988103140109945,0.48988103140109945,1.0,0.48988103140109945,0.48988103140109945,0.3745282669844701,0.48988103140109945,0.13143869198520405,0.48988103140109945,0.13143869198520405,1.0,0.1532881626633538,0.21371663325476306,0.17199516660636618,0.3745282669844701,0.13143869198520405,0.3745282669844701,0.48988103140109945
CD24,0.5107950779339332,0.5107950779339332,0.5107950779339332,1.0,0.5107950779339332,0.5107950779339332,0.3584039082191469,0.5107950779339332,0.19200670830356373,0.5107950779339332,0.19200670830356373,1.0,0.19200670830356373,0.20916765183510225,0.19200670830356373,0.3584039082191469,0.19200670830356373,0.3584039082191469,0.5107950779339332
CD46,0.280869140210597,0.280869140210597,0.280869140210597,1.0,0.16985153348346474,0.10928703357640777,0.4870807062631709,0.280869140210597,0.4870807062631709,0.16985153348346474,0.4870807062631709,1.0,0.4870807062631709,0.4870807062631709,0.4870807062631709,0.4870807062631709,0.4870807062631709,0.4870807062631709,0.16985153348346474
CD47,0.5017619164544125,0.5017619164544125,0.5017619164544125,1.0,0.5017619164544125,0.5017619164544125,0.3625526052791581,0.5017619164544125,0.08447462993914993,0.5017619164544125,0.08447462993914993,1.0,0.17385101729129324,0.2041279997917751,0.16101937200893895,0.3625526052791581,0.08447462993914993,0.3625526052791581,0.5017619164544125
CD59,0.4961534141580159,0.4961534141580159,0.4961534141580159,1.0,0.4961534141580159,0.4961534141580159,0.36735158009799146,0.4961534141580159,0.07733181006762321,0.4961534141580159,0.07733181006762321,1.0,0.15341385914302938,0.2061736037716224,0.16916348334282477,0.36735158009799146,0.07733181006762321,0.36735158009799146,0.4961534141580159
CDC42EP4,0.3876372685986945,0.3876372685986945,0.3876372685986945,1.0,0.17355169088786518,0.13226624146205482,0.6212955013179442,0.3876372685986945,0.2573656353125704,0.17355169088786518,0.2573656353125704,0.6212955013179442,0.2573656353125704,0.2573656353125704,0.2573656353125704,0.6212955013179442,0.2573656353125704,0.6212955013179442,0.17355169088786518
CDH1,0.2644791500524585,0.2644791500524585,0.2644791500524585,1.0,0.17397165771469666,0.11059226853576788,0.49375550492532827,0.2644791500524585,0.49375550492532827,0.17397165771469666,0.49375550492532827,1.0,0.49375550492532827,0.49375550492532827,0.49375550492532827,0.49375550492532827,0.49375550492532827,0.49375550492532827,0.17397165771469666
CDH5,0.49842278044706473,0.49842278044706473,0.49842278044706473,1.0,0.49842278044706473,0.49842278044706473,0.36585656283643186,0.49842278044706473,0.07747705023050373,0.49842278044706473,0.04220910639489568,1.0,0.15217657223594944,0.20363188177090483,0.1725368990109458,0.36585656283643186,0.06083034294526388,0.36585656283643186,0.49842278044706473
CDK16,0.2813243249032072,0.2813243249032072,0.2813243249032072,1.0,0.172752929119968,0.11128077137833305,0.48723185736971647,0.2813243249032072,0.48723185736971647,0.172752929119968,0.48723185736971647,1.0,0.48723185736971647,0.48723185736971647,0.48723185736971647,0.48723185736971647,0.48723185736971647,0.48723185736971647,0.172752929119968
CDKN1B,0.48859502213726186,0.48859502213726186,0.48859502213726186,1.0,0.48859502213726186,0.48859502213726186,0.37574245700618997,0.48859502213726186,0.140890257570976,0.48859502213726186,0.140890257570976,1.0,0.1532293351772269,0.21472526072077655,0.17324707766579736,0.37574245700618997,0.140890257570976,0.37574245700618997,0.48859502213726186
CDV3,0.3887166176571244,0.3887166176571244,0.3887166176571244,1.0,0.2577614322607172,0.2577614322607172,0.6209519202974211,0.3887166176571244,0.15954490621422343,0.2577614322607172,0.15954490621422343,0.6209519202974211,0.1153233169853714,0.20446692549463255,0.15954490621422343,0.6209519202974211,0.15954490621422343,0.6209519202974211,0.2577614322607172
CEBPD,0.4930977429162214,0.4930977429162214,0.4930977429162214,1.0,0.4930977429162214,0.4930977429162214,0.37037012048327556,0.4930977429162214,0.08488260885964811,0.4930977429162214,0.08488260885964811,1.0,0.14259353626771867,0.20724461423903492,0.16997154433331993,0.37037012048327556,0.08488260885964811,0.37037012048327556,0.4930977429162214
CELSR2,0.2619856061662047,0.2619856061662047,0.2619856061662047,1.0,0.17546086442252254,0.12848949551840927,0.4948717572027991,0.2619856061662047,0.4948717572027991,0.17546086442252254,0.4948717572027991,1.0,0.4948717572027991,0.4948717572027991,0.4948717572027991,0.4948717572027991,0.4948717572027991,0.4948717572027991,0.17546086442252254
CERS2,0.2789034477380339,0.2789034477380339,0.2789034477380339,1.0,0.17349956502936528,0.10842131897115022,0.48825931267097167,0.2789034477380339,0.48825931267097167,0.17349956502936528,0.48825931267097167,1.0,0.48825931267097167,0.48825931267097167,0.48825931267097167,0.48825931267097167,0.48825931267097167,0.48825931267097167,0.17349956502936528
CHAD,0.2550964195897921,0.2550964195897921,0.2550964195897921,1.0,0.17736796797613066,0.13296479007063258,0.49754701830735854,0.2550964195897921,0.49754701830735854,0.17736796797613066,0.49754701830735854,1.0,0.49754701830735854,0.49754701830735854,0.49754701830735854,0.49754701830735854,0.49754701830735854,0.49754701830735854,0.17736796797613066
CHP1,0.38885633130897423,0.38885633130897423,0.38885633130897423,1.0,0.2589034556304466,0.2589034556304466,0.6208878271017704,0.38885633130897423,0.16266690338819878,0.2589034556304466,0.16266690338819878,0.6208878271017704,0.1371394408189797,0.2052892281321963,0.16266690338819878,0.6208878271017704,0.16266690338819878,0.6208878271017704,0.2589034556304466
CIRBP,0.5037328016085248,0.5037328016085248,0.5037328016085248,1.0,0.5037328016085248,0.5037328016085248,0.36061807698594384,0.5037328016085248,0.0889849840888769,0.5037328016085248,0.0889849840888769,1.0,0.17679512270791609,0.2035505940969152,0.16201348631010315,0.36061807698594384,0.0889849840888769,0.36061807698594384,0.5037328016085248
CITED2,0.5019061249661918,0.5019061249661918,0.5019061249661918,1.0,0.5019061249661918,0.5019061249661918,0.36248296304886757,0.5019061249661918,0.07084760068303421,0.5019061249661918,0.08182852015296696,1.0,0.17347523924255798,0.20446879810277607,0.1589801421140734,0.36248296304886757,0.08182852015296696,0.36248296304886757,0.5019061249661918
CLIC6,1.0,1.0,1.0,0.7752171021716205,1.0,1.0,1.0,1.0,1.0,1.0,1.0,0.19998782933757928,1.0,1.0,1.0,1.0,1.0,1.0,1.0
CLK1,0.4974302284755237,0.4974302284755237,0.4974302284755237,1.0,0.4974302284755237,0.4974302284755237,0.3652805066774126,0.4974302284755237,0.06542160056482545,0.4974302284755237,0.07639395662227337,1.0,0.1556292461834976,0.20378171042082494,0.17014397403836654,0.3652805066774126,0.07639395662227337,0.3652805066774126,0.4974302284755237
CLTC,0.38970320187014945,0.38970320187014945,0.38970320187014945,1.0,0.17878318808615562,0.14660943915517807,0.6204510518464018,0.38970320187014945,0.2548274256671739,0.17878318808615562,0.2548274256671739,0.6204510518464018,0.2548274256671739,0.2548274256671739,0.2548274256671739,0.6204510518464018,0.2548274256671739,0.6204510518464018,0.17878318808615562
CMPK1,0.38706682665276543,0.38706682665276543,0.38706682665276543,1.0,0.16534417628505102,0.1271992598902683,0.6214926712544682,0.38706682665276543,0.25612468836934166,0.16534417628505102,0.25612468836934166,0.6214926712544682,0.25612468836934166,0.25612468836934166,0.25612468836934166,0.6214926712544682,0.25612468836934166,0.6214926712544682,0.16534417628505102
CMTM6,0.2654798337094023,0.2654798337094023,0.2654798337094023,1.0,0.15962424072172512,0.10373830565726498,0.49222256528840164,0.2654798337094023,0.49222256528840164,0.15962424072172512,0.49222256528840164,1.0,0.49222256528840164,0.49222256528840164,0.49222256528840164,0.49222256528840164,0.49222256528840164,0.49222256528840164,0.15962424072172512
CNIH1,0.4875718811465344,0.4875718811465344,0.4875718811465344,1.0,0.4875718811465344,0.4875718811465344,0.3761007443485573,0.4875718811465344,0.1435710030492603,0.4875718811465344,0.1435710030492603,1.0,0.1315360867598735,0.21429320678521802,0.17287763043455848,0.3761007443485573,0.1435710030492603,0.3761007443485573,0.4875718811465344
COG1,0.48773299043260815,0.48773299043260815,0.48773299043260815,1.0,0.48773299043260815,0.48773299043260815,0.3782975934790691,0.48773299043260815,0.164907391740276,0.48773299043260815,0.164907391740276,1.0,0.164907391740276,0.21803840879530773,0.17547520577700743,0.3782975934790691,0.164907391740276,0.3782975934790691,0.48773299043260815
COL3A1,0.25847775201024303,0.25847775201024303,0.25847775201024303,1.0,0.11934406644143077,0.17126862562983208,0.495646592214431,0.25847775201024303,0.495646592214431,0.05519846371400669,0.495646592214431,1.0,0.495646592214431,0.495646592214431,0.495646592214431,0.495646592214431,0.495646592214431,0.495646592214431,0.11934406644143077
COL6A1,0.3891207393746848,0.3891207393746848,0.3891207393746848,1.0,0.25451806158832585,0.25451806158832585,0.621489183145465,0.3891207393746848,0.1494109659265995,0.25451806158832585,0.1494109659265995,0.621489183145465,0.06498078941746514,0.20270106035488705,0.16865712795447954,0.621489183145465,0.1494109659265995,0.621489183145465,0.25451806158832585
COL6A2,0.4871336844781007,0.4871336844781007,0.4871336844781007,1.0,0.4871336844781007,0.4871336844781007,0.37612587790916335,0.4871336844781007,0.13840300927134153,0.4871336844781007,0.13840300927134153,1.0,0.05583964654742147,0.21137080867549596,0.17540053142898632,0.37612587790916335,0.13840300927134153,0.37612587790916335,0.4871336844781007
COPB1,0.49084373510092266,0.49084373510092266,0.49084373510092266,1.0,0.49084373510092266,0.49084373510092266,0.3738882628752378,0.49084373510092266,0.132890086453542,0.49084373510092266,0.132890086453542,1.0,0.15594332841412525,0.21328040649397853,0.1724057105054655,0.3738882628752378,0.132890086453542,0.3738882628752378,0.49084373510092266
COPG1,0.5047575630759898,0.5047575630759898,0.5047575630759898,1.0,0.5047575630759898,0.5047575630759898,0.3619446775183294,0.5047575630759898,0.1205462290063508,0.5047575630759898,0.1205462290063508,1.0,0.1822307127331736,0.20711992652391306,0.16516222225052088,0.3619446775183294,0.1205462290063508,0.3619446775183294,0.5047575630759898
COPRS,0.38441374922952115,0.38441374922952115,0.38441374922952115,1.0,0.1618280056881791,0.11328251434333036,0.6224758907036002,0.38441374922952115,0.26018362650241655,0.1618280056881791,0.26018362650241655,0.6224758907036002,0.26018362650241655,0.26018362650241655,0.26018362650241655,0.6224758907036002,0.26018362650241655,0.6224758907036002,0.1618280056881791
CPE,0.5298822285299823,0.5298822285299823,0.5298822285299823,1.0,0.5298822285299823,0.5298822285299823,0.14780372058807142,0.5298822285299823,0.3534091483298126,0.5298822285299823,0.3534091483298126,1.0,0.3534091483298126,0.3534091483298126,0.3534091483298126,0.2457633694987867,0.3534091483298126,0.17852430933765456,0.5298822285299823
CPSF7,0.2787495902671006,0.2787495902671006,0.2787495902671006,1.0,0.16510112162461063,0.10278046471665653,0.4875459718654047,0.2787495902671006,0.4875459718654047,0.16510112162461063,0.4875459718654047,1.0,0.4875459718654047,0.4875459718654047,0.4875459718654047,0.4875459718654047,0.4875459718654047,0.4875459718654047,0.16510112162461063
CREG1,0.49547077341071843,0.49547077341071843,0.49547077341071843,1.0,0.49547077341071843,0.49547077341071843,0.36780235150399654,0.49547077341071843,0.07937907745722396,0.49547077341071843,0.07937907745722396,1.0,0.1511423511689833,0.2062604431875789,0.16848400282446346,0.36780235150399654,0.07937907745722396,0.36780235150399654,0.49547077341071843
CSDE1,0.4906683141656497,0.4906683141656497,0.4906683141656497,1.0,0.4906683141656497,0.4906683141656497,0.37279956033321804,0.4906683141656497,0.11752497790864848,0.4906683141656497,0.11752497790864848,1.0,0.1514277450520776,0.2113366615850138,0.17139644728411513,0.37279956033321804,0.11752497790864848,0.37279956033321804,0.4906683141656497
CSF1R,0.3914465400751548,0.3914465400751548,0.3914465400751548,1.0,0.2578253803930133,0.2578253803930133,0.6212655187417708,0.3914465400751548,0.14637316498248196,0.2578253803930133,0.14637316498248196,0.6212655187417708,0.039382566898312404,0.20157742288376843,0.16939623401257706,0.6212655187417708,0.14637316498248196,0.6212655187417708,0.2578253803930133
CSNK1A1,0.49617366587302786,0.49617366587302786,0.49617366587302786,1.0,0.49617366587302786,0.49617366587302786,0.3683634272569811,0.49617366587302786,0.10343819905140446,0.49617366587302786,0.10343819905140446,1.0,0.159126272681837,0.20849934512195248,0.17041263479882784,0.3683634272569811,0.10343819905140446,0.3683634272569811,0.49617366587302786
CSRP1,0.5052317763514275,0.5052317763514275,0.5052317763514275,1.0,0.5052317763514275,0.5052317763514275,0.3581038151080209,0.5052317763514275,0.06582835945516188,0.5052317763514275,0.0821801188295161,1.0,0.17721005778516283,0.2011233795332801,0.16393577423857061,0.3581038151080209,0.0821801188295161,0.3581038151080209,0.5052317763514275
CTNNA1,0.491597022375373,0.491597022375373,0.491597022375373,1.0,0.491597022375373,0.491597022375373,0.37222152399855174,0.491597022375373,0.1135111578995332,0.491597022375373,0.1135111578995332,1.0,0.1520344306225233,0.2108474067466408,0.17079244367784172,0.37222152399855174,0.1135111578995332,0.37222152399855174,0.491597022375373
CTNND1,0.3870403101895638,0.3870403101895638,0.3870403101895638,1.0,0.16903210797315554,0.12568431762022975,0.6215058202137702,0.3870403101895638,0.25709760451344726,0.16903210797315554,0.25709760451344726,0.6215058202137702,0.25709760451344726,0.25709760451344726,0.25709760451344726,0.6215058202137702,0.25709760451344726,0.6215058202137702,0.16903210797315554
CTSB,0.3854978825158165,0.3854978825158165,0.3854978825158165,1.0,0.14688120589419723,0.1677736290712056,0.6224730283972988,0.3854978825158165,0.25797362184921313,0.14688120589419723,0.25797362184921313,0.6224730283972988,0.09857961036896329,0.25797362184921313,0.25797362184921313,0.6224730283972988,0.25797362184921313,0.6224730283972988,0.14688120589419723
CTSH,0.3832399703390672,0.3832399703390672,0.3832399703390672,1.0,0.14858594590292312,0.10757248044166891,0.6227470011098546,0.3832399703390672,0.26076032714644415,0.14858594590292312,0.26076032714644415,0.6227470011098546,0.26076032714644415,0.26076032714644415,0.26076032714644415,0.6227470011098546,0.26076032714644415,0.6227470011098546,0.14858594590292312
CTSK,0.48664413067815143,0.48664413067815143,0.48664413067815143,1.0,0.48664413067815143,0.48664413067815143,0.3771710746056201,0.48664413067815143,0.14754512175548196,0.48664413067815143,0.14754512175548196,1.0,0.05656898916181857,0.21238800285675868,0.17696040239623756,0.3771710746056201,0.14754512175548196,0.3771710746056201,0.48664413067815143
CTTN,0.2646797108342401,0.2646797108342401,0.2646797108342401,1.0,0.16414250459947904,0.10818991656217601,0.4928486254485787,0.2646797108342401,0.4928486254485787,0.16414250459947904,0.4928486254485787,1.0,0.4928486254485787,0.4928486254485787,0.4928486254485787,0.4928486254485787,0.4928486254485787,0.4928486254485787,0.16414250459947904
CUX1,0.38706203964498065,0.38706203964498065,0.38706203964498065,1.0,0.16901264021628667,0.12462807396696149,0.6214773489450214,0.38706203964498065,0.25742529916099766,0.16901264021628667,0.25742529916099766,0.6214773489450214,0.25742529916099766,0.25742529916099766,0.25742529916099766,0.6214773489450214,0.25742529916099766,0.6214773489450214,0.16901264021628667
CXCL12,0.516993566724376,0.516993566724376,0.516993566724376,1.0,0.516993566724376,0.516993566724376,0.3511627643320549,0.516993566724376,0.2023534881190629,0.516993566724376,0.2023534881190629,1.0,0.2023534881190629,0.17746804705021454,0.2023534881190629,0.3511627643320549,0.2023534881190629,0.3511627643320549,0.516993566724376
CXXC5,0.39061437413201033,0.39061437413201033,0.39061437413201033,1.0,0.18172411801778404,0.1498567403921474,0.6202549734245275,0.39061437413201033,0.2541865448097115,0.18172411801778404,0.2541865448097115,0.6202549734245275,0.2541865448097115,0.2541865448097115,0.2541865448097115,0.6202549734245275,0.2541865448097115,0.6202549734245275,0.18172411801778404
CYB561,0.49220832121150343,0.49220832121150343,0.49220832121150343,1.0,0.49220832121150343,0.49220832121150343,0.3743132240171214,0.49220832121150343,0.14468923878193463,0.49220832121150343,0.14468923878193463,1.0,0.1609658582219058,0.21527993782148308,0.17278119469766856,0.3743132240171214,0.14468923878193463,0.3743132240171214,0.49220832121150343
DAP,0.4874364072623031,0.4874364072623031,0.4874364072623031,1.0,0.4874364072623031,0.4874364072623031,0.3771189481420482,0.4874364072623031,0.1500048400581469,0.4874364072623031,0.1500048400581469,1.0,0.14665099310954122,0.2158985045885316,0.17358864804306873,0.3771189481420482,0.1500048400581469,0.3771189481420482,0.4874364072623031
DAZAP2,0.4866277328617124,0.4866277328617124,0.4866277328617124,1.0,0.4866277328617124,0.4866277328617124,0.37666792226894535,0.4866277328617124,0.1448146603917045,0.4866277328617124,0.1448146603917045,1.0,0.12315259625321837,0.21431939460763422,0.17327364222044433,0.37666792226894535,0.1448146603917045,0.37666792226894535,0.4866277328617124
DCAF12,0.3831464375181196,0.3831464375181196,0.3831464375181196,1.0,0.161583604723127,0.10329171944204378,0.6228524129234487,0.3831464375181196,0.2629231065472866,0.161583604723127,0.2629231065472866,0.6228524129234487,0.2629231065472866,0.2629231065472866,0.2629231065472866,0.6228524129234487,0.2629231065472866,0.6228524129234487,0.161583604723127
DDAH2,0.48926513226989005,0.48926513226989005,0.48926513226989005,1.0,0.48926513226989005,0.48926513226989005,0.374376134855493,0.48926513226989005,0.12001333240530902,0.48926513226989005,0.12001333240530902,1.0,0.14747015581559217,0.21252932095436328,0.17083166840738978,0.374376134855493,0.12001333240530902,0.374376134855493,0.48926513226989005
DDB1,0.2719074348046608,0.2719074348046608,0.2719074348046608,1.0,0.16631805307386724,0.10217493367868419,0.49029092014637854,0.2719074348046608,0.49029092014637854,0.16631805307386724,0.49029092014637854,1.0,0.49029092014637854,0.49029092014637854,0.49029092014637854,0.49029092014637854,0.49029092014637854,0.49029092014637854,0.16631805307386724
DDX3X,0.4860098870551271,0.4860098870551271,0.4860098870551271,1.0,0.4860098870551271,0.4860098870551271,0.3775235822506428,0.4860098870551271,0.14963586719455638,0.4860098870551271,0.14963586719455638,1.0,0.13263463921455465,0.2154447014049891,0.17424270529536542,0.3775235822506428,0.14963586719455638,0.3775235822506428,0.4860098870551271
DDX42,0.38755353737401327,0.38755353737401327,0.38755353737401327,1.0,0.17038431701090168,0.12947671716289044,0.6213081904225687,0.38755353737401327,0.25647956969594365,0.17038431701090168,0.25647956969594365,0.6213081904225687,0.25647956969594365,0.25647956969594365,0.25647956969594365,0.6213081904225687,0.25647956969594365,0.6213081904225687,0.17038431701090168
DDX5,0.4839657409709695,0.4839657409709695,0.4839657409709695,1.0,0.4839657409709695,0.4839657409709695,0.3804087802332742,0.4839657409709695,0.1708846829979202,0.4839657409709695,0.1708846829979202,1.0,0.1415335389145705,0.21875283974248122,0.1708846829979202,0.3804087802332742,0.1708846829979202,0.3804087802332742,0.4839657409709695
DEK,0.4865869069634024,0.4865869069634024,0.4865869069634024,1.0,0.4865869069634024,0.4865869069634024,0.37621736287218627,0.4865869069634024,0.14326176792355366,0.4865869069634024,0.14326176792355366,1.0,0.11706396957508651,0.21355001154726855,0.1735522670231554,0.37621736287218627,0.14326176792355366,0.37621736287218627,0.4865869069634024
DHCR24,0.48880759832717213,0.48880759832717213,0.48880759832717213,1.0,0.48880759832717213,0.48880759832717213,0.3773876709336923,0.48880759832717213,0.16566648684384916,0.48880759832717213,0.16566648684384916,1.0,0.16566648684384916,0.21771629861619,0.17525695556614235,0.3773876709336923,0.16566648684384916,0.3773876709336923,0.48880759832717213
DHX40,0.38735514667508586,0.38735514667508586,0.38735514667508586,1.0,0.17145528429058152,0.12809216021219963,0.6213584543824583,0.38735514667508586,0.25758966049295007,0.17145528429058152,0.25758966049295007,0.6213584543824583,0.25758966049295007,0.25758966049295007,0.25758966049295007,0.6213584543824583,0.25758966049295007,0.6213584543824583,0.17145528429058152
DNAJC3,0.4859542764683577,0.4859542764683577,0.4859542764683577,1.0,0.4859542764683577,0.4859542764683577,0.378115826143345,0.4859542764683577,0.15385120598515062,0.4859542764683577,0.15385120598515062,1.0,0.14474119383295603,0.21669882926908013,0.1749557895241335,0.378115826143345,0.15385120598515062,0.378115826143345,0.4859542764683577
DSC3,0.3924021246020026,0.3924021246020026,0.3924021246020026,1.0,0.1853745671427908,0.14724815848027203,0.6208938766165498,0.3924021246020026,0.25608125948107807,0.1853745671427908,0.25608125948107807,0.6208938766165498,0.25608125948107807,0.25608125948107807,0.25608125948107807,0.6208938766165498,0.25608125948107807,0.6208938766165498,0.1853745671427908
DSP,0.38546871860665627,0.38546871860665627,0.38546871860665627,1.0,0.16857114856384275,0.1157172937492607,0.6220578111963713,0.38546871860665627,0.2602445400185378,0.16857114856384275,0.2602445400185378,0.6220578111963713,0.2602445400185378,0.2602445400185378,0.2602445400185378,0.6220578111963713,0.2602445400185378,0.6220578111963713,0.16857114856384275
DUSP23,0.27368514936341926,0.27368514936341926,0.27368514936341926,1.0,0.16422316917879873,0.10871791764091981,0.4894471100790505,0.27368514936341926,0.4894471100790505,0.16422316917879873,0.4894471100790505,1.0,0.4894471100790505,0.4894471100790505,0.4894471100790505,0.4894471100790505,0.4894471100790505,0.4894471100790505,0.16422316917879873
DYNLL2,0.48785971544254697,0.48785971544254697,0.48785971544254697,1.0,0.48785971544254697,0.48785971544254697,0.3767692937520677,0.48785971544254697,0.1499523655334219,0.48785971544254697,0.1499523655334219,1.0,0.154197912780916,0.21596404652019294,0.17431508536424922,0.3767692937520677,0.1499523655334219,0.3767692937520677,0.48785971544254697
DYNLT3,0.49233684195332794,0.49233684195332794,0.49233684195332794,1.0,0.49233684195332794,0.49233684195332794,0.37294790968428054,0.49233684195332794,0.12871395595380364,0.49233684195332794,0.12871395595380364,1.0,0.15738392647754232,0.21275496785805015,0.17234279017366963,0.37294790968428054,0.12871395595380364,0.37294790968428054,0.49233684195332794
ECE1,0.3860795953331646,0.3860795953331646,0.3860795953331646,1.0,0.169815217068578,0.12391163497959225,0.6218035288172719,0.3860795953331646,0.25902449258364163,0.169815217068578,0.25902449258364163,0.6218035288172719,0.25902449258364163,0.25902449258364163,0.25902449258364163,0.6218035288172719,0.25902449258364163,0.6218035288172719,0.169815217068578
ECHS1,0.4912918269747898,0.4912918269747898,0.4912918269747898,1.0,0.4912918269747898,0.4912918269747898,0.3729501024360841,0.4912918269747898,0.12211354079139629,0.4912918269747898,0.12211354079139629,1.0,0.15371085348663968,0.21188524020594585,0.17130975087458283,0.3729501024360841,0.12211354079139629,0.3729501024360841,0.4912918269747898
EEF1A2,0.25779639323797515,0.25779639323797515,0.25779639323797515,1.0,0.18033596353783815,0.13805579099177578,0.49713973690558794,0.25779639323797515,0.49713973690558794,0.18033596353783815,0.49713973690558794,1.0,0.49713973690558794,0.49713973690558794,0.49713973690558794,0.49713973690558794,0.49713973690558794,0.49713973690558794,0.18033596353783815
EEIG1,0.27014775766536603,0.27014775766536603,0.27014775766536603,1.0,0.171841785836741,0.10491852038096021,0.4915552518434884,0.27014775766536603,0.4915552518434884,0.171841785836741,0.4915552518434884,1.0,0.4915552518434884,0.4915552518434884,0.4915552518434884,0.4915552518434884,0.4915552518434884,0.4915552518434884,0.171841785836741
EFNA1,0.387647683401912,0.387647683401912,0.387647683401912,1.0,0.1775600053241161,0.13430271446808426,0.621387140852023,0.387647683401912,0.25837162241120737,0.1775600053241161,0.25837162241120737,0.621387140852023,0.25837162241120737,0.25837162241120737,0.25837162241120737,0.621387140852023,0.25837162241120737,0.621387140852023,0.1775600053241161
EGR1,0.5098178223962838,0.5098178223962838,0.5098178223962838,1.0,0.5098178223962838,0.5098178223962838,0.35424569266908146,0.5098178223962838,0.10421620117982412,0.5098178223962838,0.10421620117982412,1.0,0.18767775112123308,0.16877915192827136,0.19298782581580917,0.35424569266908146,0.10421620117982412,0.35424569266908146,0.5098178223962838
EID1,0.39045327577687294,0.39045327577687294,0.39045327577687294,1.0,0.25915505288193036,0.25915505288193036,0.6203659598873055,0.39045327577687294,0.14271556118282913,0.25915505288193036,0.14271556118282913,0.6203659598873055,0.1165697334076675,0.20223917619180962,0.1636911192226692,0.6203659598873055,0.14271556118282913,0.6203659598873055,0.25915505288193036
EIF3A,0.4939726086705161,0.4939726086705161,0.4939726086705161,1.0,0.4939726086705161,0.4939726086705161,0.36944555700884,0.4939726086705161,0.09596111549178142,0.4939726086705161,0.09596111549178142,1.0,0.15307628755419278,0.20824536890348755,0.17009286166316934,0.36944555700884,0.09596111549178142,0.36944555700884,0.4939726086705161
EIF4EBP2,0.4900793540475611,0.4900793540475611,0.4900793540475611,1.0,0.4900793540475611,0.4900793540475611,0.3728687948532005,0.4900793540475611,0.10948267118331541,0.4900793540475611,0.10948267118331541,1.0,0.14650178543269649,0.21055928138653002,0.17094589645805985,0.3728687948532005,0.10948267118331541,0.3728687948532005,0.4900793540475611
EIF4G1,0.3902580539511956,0.3902580539511956,0.3902580539511956,1.0,0.17897786944081237,0.1509540787794462,0.6202985740946051,0.3902580539511956,0.2539101433801654,0.17897786944081237,0.2539101433801654,0.6202985740946051,0.2539101433801654,0.2539101433801654,0.2539101433801654,0.6202985740946051,0.2539101433801654,0.6202985740946051,0.17897786944081237
EIF4G2,0.3846353858293139,0.3846353858293139,0.3846353858293139,1.0,0.15922692281748443,0.11157881122686643,0.6222975759775303,0.3846353858293139,0.2594902216683619,0.15922692281748443,0.2594902216683619,0.6222975759775303,0.2594902216683619,0.2594902216683619,0.2594902216683619,0.6222975759775303,0.2594902216683619,0.6222975759775303,0.15922692281748443
ELAPOR1,0.26406312600041476,0.26406312600041476,0.26406312600041476,1.0,0.177343789327208,0.11177002248061785,0.4942783505994202,0.26406312600041476,0.4942783505994202,0.177343789327208,0.4942783505994202,1.0,0.4942783505994202,0.4942783505994202,0.4942783505994202,0.4942783505994202,0.4942783505994202,0.4942783505994202,0.177343789327208
ELF1,0.2783614362212591,0.2783614362212591,0.2783614362212591,1.0,0.16501820888645463,0.10390961632121748,0.4876686553028142,0.2783614362212591,0.4876686553028142,0.16501820888645463,0.4876686553028142,1.0,0.4876686553028142,0.4876686553028142,0.4876686553028142,0.4876686553028142,0.4876686553028142,0.4876686553028142,0.16501820888645463
ELK4,0.3884620548936353,0.3884620548936353,0.3884620548936353,1.0,0.2564969529027918,0.2564969529027918,0.6210510261196672,0.3884620548936353,0.16066547930649078,0.2564969529027918,0.16066547930649078,0.6210510261196672,0.11608579461706543,0.20410930650779638,0.16066547930649078,0.6210510261196672,0.16066547930649078,0.6210510261196672,0.2564969529027918
ELOVL2,0.043902029449263545,0.09451334979931263,0.09451334979931263,1.0,0.26590304181515884,0.26590304181515884,0.5054979564103965,0.12109410088984845,0.5054979564103965,0.26590304181515884,0.5054979564103965,1.0,0.5054979564103965,0.5054979564103965,0.5054979564103965,0.5054979564103965,0.5054979564103965,0.5054979564103965,0.26590304181515884
ELP2,0.27036974450492124,0.27036974450492124,0.27036974450492124,1.0,0.1682106387736274,0.09877678144176519,0.4911086826628058,0.27036974450492124,0.4911086826628058,0.1682106387736274,0.4911086826628058,1.0,0.4911086826628058,0.4911086826628058,0.4911086826628058,0.4911086826628058,0.4911086826628058,0.4911086826628058,0.1682106387736274
EP300,0.4851758372514659,0.4851758372514659,0.4851758372514659,1.0,0.4851758372514659,0.4851758372514659,0.37816812813101336,0.4851758372514659,0.1511634639089963,0.4851758372514659,0.1511634639089963,1.0,0.12540983124246505,0.21583696358466173,0.174835696845589,0.37816812813101336,0.1511634639089963,0.37816812813101336,0.4851758372514659
EPAS1,0.5027333546149819,0.5027333546149819,0.5027333546149819,1.0,0.5027333546149819,0.5027333546149819,0.36231160613288166,0.5027333546149819,0.07455997236435824,0.5027333546149819,0.06274262322050611,1.0,0.15753943635800005,0.20221625249185549,0.17281362867163555,0.36231160613288166,0.03358667466405944,0.36231160613288166,0.5027333546149819
EPCAM,0.2761642468295027,0.2761642468295027,0.2761642468295027,1.0,0.17318743602089554,0.10229180452340439,0.4894733264740619,0.2761642468295027,0.4894733264740619,0.17318743602089554,0.4894733264740619,1.0,0.4894733264740619,0.4894733264740619,0.4894733264740619,0.4894733264740619,0.4894733264740619,0.4894733264740619,0.17318743602089554
EPS15,0.49098188634260675,0.49098188634260675,0.49098188634260675,1.0,0.49098188634260675,0.49098188634260675,0.37180477638925646,0.49098188634260675,0.09851185125995297,0.49098188634260675,0.09851185125995297,1.0,0.1455066266546472,0.2090758329656902,0.17045987716742003,0.37180477638925646,0.09851185125995297,0.37180477638925646,0.49098188634260675
ERBB2,0.4935793460231474,0.4935793460231474,0.4935793460231474,1.0,0.4935793460231474,0.4935793460231474,0.3738152801139585,0.4935793460231474,0.16554617353437623,0.4935793460231474,0.16554617353437623,1.0,0.16554617353437623,0.21514167269193943,0.1767454166292531,0.3738152801139585,0.16554617353437623,0.3738152801139585,0.4935793460231474
ERGIC3,0.48450129001448056,0.48450129001448056,0.48450129001448056,1.0,0.48450129001448056,0.48450129001448056,0.37930605922275107,0.48450129001448056,0.15634395054318476,0.48450129001448056,0.15634395054318476,1.0,0.13506992261461337,0.2174504132226071,0.17593182991039827,0.37930605922275107,0.15634395054318476,0.37930605922275107,0.48450129001448056
ERRFI1,0.38835321214492924,0.38835321214492924,0.38835321214492924,1.0,0.17876682401615004,0.13933567181511666,0.6211332754542757,0.38835321214492924,0.2570634505136706,0.17876682401615004,0.2570634505136706,0.6211332754542757,0.2570634505136706,0.2570634505136706,0.2570634505136706,0.6211332754542757,0.2570634505136706,0.6211332754542757,0.17876682401615004
ESR1,0.27718207808629747,0.27718207808629747,0.27718207808629747,1.0,0.1773151126167086,0.11592769991200988,0.489599663847591,0.27718207808629747,0.489599663847591,0.1773151126167086,0.489599663847591,1.0,0.489599663847591,0.489599663847591,0.489599663847591,0.489599663847591,0.489599663847591,0.489599663847591,0.1773151126167086
EVA1B,0.2775613117053522,0.2775613117053522,0.2775613117053522,1.0,0.16904438653174786,0.09723656996585354,0.48842000345460945,0.2775613117053522,0.48842000345460945,0.16904438653174786,0.48842000345460945,1.0,0.48842000345460945,0.48842000345460945,0.48842000345460945,0.48842000345460945,0.48842000345460945,0.48842000345460945,0.16904438653174786
EZR,0.5013062006649798,0.5013062006649798,0.5013062006649798,1.0,0.5013062006649798,0.5013062006649798,0.3653985702995081,0.5013062006649798,0.12309023410649261,0.5013062006649798,0.12309023410649261,1.0,0.1790917745804898,0.2089492870199767,0.1639351133036452,0.3653985702995081,0.12309023410649261,0.3653985702995081,0.5013062006649798
FADD,0.2621704781227186,0.2621704781227186,0.2621704781227186,1.0,0.16747020658947237,0.1186987258422054,0.4943652884252507,0.2621704781227186,0.4943652884252507,0.16747020658947237,0.4943652884252507,1.0,0.4943652884252507,0.4943652884252507,0.4943652884252507,0.4943652884252507,0.4943652884252507,0.4943652884252507,0.16747020658947237
FARP1,0.27446269460208794,0.27446269460208794,0.27446269460208794,1.0,0.16415036803681446,0.09572964626578018,0.4891857013589379,0.27446269460208794,0.4891857013589379,0.16415036803681446,0.4891857013589379,1.0,0.4891857013589379,0.4891857013589379,0.4891857013589379,0.4891857013589379,0.4891857013589379,0.4891857013589379,0.16415036803681446
FBXL3,0.4904149402748368,0.4904149402748368,0.4904149402748368,1.0,0.4904149402748368,0.4904149402748368,0.37261483871921175,0.4904149402748368,0.11119854616953215,0.4904149402748368,0.11119854616953215,1.0,0.14861605256166377,0.21059971929352236,0.17091750806322792,0.37261483871921175,0.11119854616953215,0.37261483871921175,0.4904149402748368
FEM1B,0.38421334966948495,0.38421334966948495,0.38421334966948495,1.0,0.16032694168838946,0.10312756363613082,0.6225421089830336,0.38421334966948495,0.2609460863661274,0.16032694168838946,0.2609460863661274,0.6225421089830336,0.2609460863661274,0.2609460863661274,0.2609460863661274,0.6225421089830336,0.2609460863661274,0.6225421089830336,0.16032694168838946
FGF19,0.18666123211600466,0.18666123211600466,0.18666123211600466,1.0,0.2615330072561222,0.2615330072561222,0.49988322619721065,0.18666123211600466,0.49988322619721065,0.2615330072561222,0.49988322619721065,1.0,0.49988322619721065,0.49988322619721065,0.49988322619721065,0.49988322619721065,0.49988322619721065,0.49988322619721065,0.2615330072561222
FGF3,0.18390942844414998,0.18390942844414998,0.18390942844414998,1.0,0.27156054646186695,0.27156054646186695,0.5046615748765328,0.18390942844414998,0.5046615748765328,0.27156054646186695,0.5046615748765328,1.0,0.5046615748765328,0.5046615748765328,0.5046615748765328,0.5046615748765328,0.5046615748765328,0.5046615748765328,0.27156054646186695
FIS1,0.4838978414482607,0.4838978414482607,0.4838978414482607,1.0,0.4838978414482607,0.4838978414482607,0.3803757943635643,0.4838978414482607,0.17098139154664627,0.4838978414482607,0.17098139154664627,1.0,0.14229618340835068,0.21881791713626492,0.17098139154664627,0.3803757943635643,0.17098139154664627,0.3803757943635643,0.4838978414482607
FLNB,0.49293737532943727,0.49293737532943727,0.49293737532943727,1.0,0.49293737532943727,0.49293737532943727,0.37222832028039254,0.49293737532943727,0.1242412967502453,0.49293737532943727,0.1242412967502453,1.0,0.15741302661104076,0.21203995812383314,0.17100289388333453,0.37222832028039254,0.1242412967502453,0.37222832028039254,0.49293737532943727
FOXA1,0.3853658006414623,0.3853658006414623,0.3853658006414623,1.0,0.17226036191503508,0.11916559306380284,0.6221730993324409,0.3853658006414623,0.261421166206083,0.17226036191503508,0.261421166206083,0.6221730993324409,0.261421166206083,0.261421166206083,0.261421166206083,0.6221730993324409,0.261421166206083,0.6221730993324409,0.17226036191503508
FRS2,0.48644912459762457,0.48644912459762457,0.48644912459762457,1.0,0.48644912459762457,0.48644912459762457,0.37967652156853676,0.48644912459762457,0.17152788584164497,0.48644912459762457,0.17152788584164497,1.0,0.17152788584164497,0.21950486784304085,0.17638197445459727,0.37967652156853676,0.17152788584164497,0.37967652156853676,0.48644912459762457
FSTL1,0.4923230795612141,0.4923230795612141,0.4923230795612141,1.0,0.4923230795612141,0.4923230795612141,0.3721105735425575,0.4923230795612141,0.08896514229936216,0.4923230795612141,0.059228922747976746,1.0,0.13515299616095292,0.20827528331481435,0.17220828943633001,0.3721105735425575,0.08896514229936216,0.3721105735425575,0.4923230795612141
FTH1,0.27968900599505786,0.27968900599505786,0.27968900599505786,1.0,0.16202804360103099,0.10272656989277074,0.48693801362738953,0.27968900599505786,0.48693801362738953,0.16202804360103099,0.48693801362738953,1.0,0.48693801362738953,0.48693801362738953,0.48693801362738953,0.48693801362738953,0.48693801362738953,0.48693801362738953,0.16202804360103099
FUS,0.4897919195014765,0.4897919195014765,0.4897919195014765,1.0,0.4897919195014765,0.4897919195014765,0.3735317939003398,0.4897919195014765,0.11813181708590524,0.4897919195014765,0.11813181708590524,1.0,0.14896299282287978,0.2115023202617041,0.17137433163123098,0.3735317939003398,0.11813181708590524,0.3735317939003398,0.4897919195014765
GASK1B,0.486296334964507,0.486296334964507,0.486296334964507,1.0,0.486296334964507,0.486296334964507,0.3776317100229432,0.486296334964507,0.1511520541719192,0.486296334964507,0.1511520541719192,1.0,0.1438505862489949,0.21611169309992415,0.17491851736257857,0.3776317100229432,0.1511520541719192,0.3776317100229432,0.486296334964507
GATA3,0.386611220443434,0.386611220443434,0.386611220443434,1.0,0.17473726801528194,0.1273188649820572,0.6216561405482981,0.386611220443434,0.25993941462991504,0.17473726801528194,0.25993941462991504,0.6216561405482981,0.25993941462991504,0.25993941462991504,0.25993941462991504,0.6216561405482981,0.25993941462991504,0.6216561405482981,0.17473726801528194
GEM,0.5052743624157979,0.5052743624157979,0.5052743624157979,1.0,0.5052743624157979,0.5052743624157979,0.36005732512995026,0.5052743624157979,0.07688043934414068,0.5052743624157979,0.07537338065394314,1.0,0.16058222898712904,0.20091283597510373,0.1748060592514624,0.36005732512995026,0.0590988089575617,0.36005732512995026,0.5052743624157979
GHITM,0.48842205857694776,0.48842205857694776,0.48842205857694776,1.0,0.48842205857694776,0.48842205857694776,0.37563930613485125,0.48842205857694776,0.13480720388753936,0.48842205857694776,0.13480720388753936,1.0,0.15039946091916256,0.21411838217539303,0.1726975563289924,0.37563930613485125,0.13480720388753936,0.37563930613485125,0.48842205857694776
GLUD1,0.4896778448722936,0.4896778448722936,0.4896778448722936,1.0,0.4896778448722936,0.4896778448722936,0.37468710927908333,0.4896778448722936,0.1326768237853126,0.4896778448722936,0.1326768237853126,1.0,0.15324002888144944,0.21380215056037127,0.17232006479232295,0.37468710927908333,0.1326768237853126,0.37468710927908333,0.4896778448722936
GNA13,0.27900065596799917,0.27900065596799917,0.27900065596799917,1.0,0.16851889667077238,0.10443439948286218,0.48782203798467416,0.27900065596799917,0.48782203798467416,0.16851889667077238,0.48782203798467416,1.0,0.48782203798467416,0.48782203798467416,0.48782203798467416,0.48782203798467416,0.48782203798467416,0.48782203798467416,0.16851889667077238
GNAS,0.38756466222063474,0.38756466222063474,0.38756466222063474,1.0,0.16778953678501093,0.13026974686404963,0.6212624038653604,0.38756466222063474,0.25576169880207467,0.16778953678501093,0.25576169880207467,0.6212624038653604,0.25576169880207467,0.25576169880207467,0.25576169880207467,0.6212624038653604,0.25576169880207467,0.6212624038653604,0.16778953678501093
GNB1,0.385901465283382,0.385901465283382,0.385901465283382,1.0,0.16179636881259857,0.1188885776382838,0.62191741040979,0.385901465283382,0.2576503467291882,0.16179636881259857,0.2576503467291882,0.62191741040979,0.2576503467291882,0.2576503467291882,0.2576503467291882,0.62191741040979,0.2576503467291882,0.62191741040979,0.16179636881259857
GNG12,0.49058477672786677,0.49058477672786677,0.49058477672786677,1.0,0.49058477672786677,0.49058477672786677,0.37269885815994935,0.49058477672786677,0.10275540775961538,0.49058477672786677,0.10275540775961538,1.0,0.14477585766115658,0.21024504090273327,0.16990816857985844,0.37269885815994935,0.10275540775961538,0.37269885815994935,0.49058477672786677
GNS,0.48785938521588085,0.48785938521588085,0.48785938521588085,1.0,0.48785938521588085,0.48785938521588085,0.37799356109837756,0.48785938521588085,0.1655896043044294,0.48785938521588085,0.1655896043044294,1.0,0.1655896043044294,0.21795743783362045,0.17583605516340217,0.37799356109837756,0.1655896043044294,0.37799356109837756,0.48785938521588085
GOLGB1,0.489672435446322,0.489672435446322,0.489672435446322,1.0,0.489672435446322,0.489672435446322,0.3752520644701363,0.489672435446322,0.13820452919752876,0.489672435446322,0.13820452919752876,1.0,0.15456830711878125,0.21468972799417,0.1723884709538838,0.3752520644701363,0.13820452919752876,0.3752520644701363,0.489672435446322
GOLPH3,0.49314748178331663,0.49314748178331663,0.49314748178331663,1.0,0.49314748178331663,0.49314748178331663,0.37169286520389766,0.49314748178331663,0.12017836560180581,0.49314748178331663,0.12017836560180581,1.0,0.15705866304239577,0.2113914035141131,0.1709694830276537,0.37169286520389766,0.12017836560180581,0.37169286520389766,0.49314748178331663
GOSR2,0.48926729052393697,0.48926729052393697,0.48926729052393697,1.0,0.48926729052393697,0.48926729052393697,0.37569989592463654,0.48926729052393697,0.13807988405133603,0.48926729052393697,0.13807988405133603,1.0,0.15245073591612687,0.2146616712668437,0.17239770900815815,0.37569989592463654,0.13807988405133603,0.37569989592463654,0.48926729052393697
GPBP1,0.4913595455534934,0.4913595455534934,0.4913595455534934,1.0,0.4913595455534934,0.4913595455534934,0.37210450605731765,0.4913595455534934,0.10937531106434299,0.4913595455534934,0.10937531106434299,1.0,0.15030276093290776,0.21033321301165397,0.17055269248765972,0.37210450605731765,0.10937531106434299,0.37210450605731765,0.4913595455534934
GPX4,0.48948004978445336,0.48948004978445336,0.48948004978445336,1.0,0.48948004978445336,0.48948004978445336,0.3749646403644501,0.48948004978445336,0.1308138940600084,0.48948004978445336,0.1308138940600084,1.0,0.15064162260184982,0.213479407420893,0.17228241483968906,0.3749646403644501,0.1308138940600084,0.3749646403644501,0.48948004978445336
GRB2,0.3883090164408538,0.3883090164408538,0.3883090164408538,1.0,0.1733577622373789,0.13814053493740902,0.6209627318107676,0.3883090164408538,0.25594359219707813,0.1733577622373789,0.25594359219707813,0.6209627318107676,0.25594359219707813,0.25594359219707813,0.25594359219707813,0.6209627318107676,0.25594359219707813,0.6209627318107676,0.1733577622373789
GRINA,0.3886408117550094,0.3886408117550094,0.3886408117550094,1.0,0.2584278111436146,0.2584278111436146,0.6209486088959364,0.3886408117550094,0.1620745395155148,0.2584278111436146,0.1620745395155148,0.6209486088959364,0.12987009644314412,0.20507744777998402,0.1620745395155148,0.6209486088959364,0.1620745395155148,0.6209486088959364,0.2584278111436146
GRK2,0.27709248693899663,0.27709248693899663,0.27709248693899663,1.0,0.16144618278883704,0.10433319230780826,0.4879159489351873,0.27709248693899663,0.4879159489351873,0.16144618278883704,0.4879159489351873,1.0,0.4879159489351873,0.4879159489351873,0.4879159489351873,0.4879159489351873,0.4879159489351873,0.4879159489351873,0.16144618278883704
GRN,0.2768902131272065,0.2768902131272065,0.2768902131272065,1.0,0.15184484929594136,0.10241271388962175,0.48750161116227336,0.2768902131272065,0.48750161116227336,0.15184484929594136,0.48750161116227336,1.0,0.48750161116227336,0.48750161116227336,0.48750161116227336,0.48750161116227336,0.48750161116227336,0.48750161116227336,0.15184484929594136
GTF2I,0.4846973831988295,0.4846973831988295,0.4846973831988295,1.0,0.4846973831988295,0.4846973831988295,0.37943091669333195,0.4846973831988295,0.15879303753315344,0.4846973831988295,0.15879303753315344,1.0,0.1469503252614197,0.2180561472128936,0.17652522126039918,0.37943091669333195,0.15879303753315344,0.37943091669333195,0.4846973831988295
GUCY1A1,0.2745031269145648,0.2745031269145648,0.2745031269145648,1.0,0.1683394960090762,0.08839653785918593,0.48961739124044085,0.2745031269145648,0.48961739124044085,0.1683394960090762,0.48961739124044085,1.0,0.48961739124044085,0.48961739124044085,0.48961739124044085,0.48961739124044085,0.48961739124044085,0.48961739124044085,0.1683394960090762
H1-4,0.5000018634644651,0.5000018634644651,0.5000018634644651,1.0,0.5000018634644651,0.5000018634644651,0.36246717035625753,0.5000018634644651,0.05269054323458324,0.5000018634644651,0.07026757517476358,1.0,0.15488189267835378,0.20105184727108066,0.17113969988378688,0.36246717035625753,0.07026757517476358,0.36246717035625753,0.5000018634644651
H1-5,0.26814657542773274,0.26814657542773274,0.26814657542773274,1.0,0.15751186201642253,0.12577079998250937,0.4914560149688231,0.26814657542773274,0.4914560149688231,0.15751186201642253,0.4914560149688231,1.0,0.4914560149688231,0.4914560149688231,0.4914560149688231,0.4914560149688231,0.4914560149688231,0.4914560149688231,0.15751186201642253
H2AC6,0.39050167706107075,0.39050167706107075,0.39050167706107075,1.0,0.18756977263755453,0.15595481198532551,0.6205135562333104,0.39050167706107075,0.2566301733715119,0.18756977263755453,0.2566301733715119,0.6205135562333104,0.2566301733715119,0.2566301733715119,0.2566301733715119,0.6205135562333104,0.2566301733715119,0.6205135562333104,0.18756977263755453
H2AZ2,0.48472232940463805,0.48472232940463805,0.48472232940463805,1.0,0.48472232940463805,0.48472232940463805,0.3793577452161982,0.48472232940463805,0.15610240055042438,0.48472232940463805,0.15610240055042438,1.0,0.13608205968150738,0.21768163902470264,0.17575184673664396,0.3793577452161982,0.15610240055042438,0.3793577452161982,0.48472232940463805
HAPSTR1,0.48693739183880974,0.48693739183880974,0.48693739183880974,1.0,0.48693739183880974,0.48693739183880974,0.37711142763027045,0.48693739183880974,0.14871085879600768,0.48693739183880974,0.14871085879600768,1.0,0.13845021762322335,0.21542150753510866,0.17377552434733332,0.37711142763027045,0.14871085879600768,0.37711142763027045,0.48693739183880974
HELZ,0.3863330390018887,0.3863330390018887,0.3863330390018887,1.0,0.16706268389368378,0.12557996689476916,0.6217425201900748,0.3863330390018887,0.25793819503573623,0.16706268389368378,0.25793819503573623,0.6217425201900748,0.25793819503573623,0.25793819503573623,0.25793819503573623,0.6217425201900748,0.25793819503573623,0.6217425201900748,0.16706268389368378
HID1,0.39037325337800644,0.39037325337800644,0.39037325337800644,1.0,0.1858133936185988,0.1519177567031399,0.6204507316685658,0.39037325337800644,0.25608268047212385,0.1858133936185988,0.25608268047212385,0.6204507316685658,0.25608268047212385,0.25608268047212385,0.25608268047212385,0.6204507316685658,0.25608268047212385,0.6204507316685658,0.1858133936185988
HIPK3,0.4934454811241713,0.4934454811241713,0.4934454811241713,1.0,0.4934454811241713,0.4934454811241713,0.36931767426074896,0.4934454811241713,0.08037260968462696,0.4934454811241713,0.08037260968462696,1.0,0.1471870818069427,0.20703957516507696,0.1694391567793983,0.36931767426074896,0.08037260968462696,0.36931767426074896,0.4934454811241713
HMG20B,0.3859288325877015,0.3859288325877015,0.3859288325877015,1.0,0.16743551726736133,0.12148263132340094,0.6219020478823547,0.3859288325877015,0.2588506634431984,0.16743551726736133,0.2588506634431984,0.6219020478823547,0.2588506634431984,0.2588506634431984,0.2588506634431984,0.6219020478823547,0.2588506634431984,0.6219020478823547,0.16743551726736133
HMGB1,0.3842332852943083,0.3842332852943083,0.3842332852943083,1.0,0.15359301155483945,0.11186417155334273,0.6225745320133381,0.3842332852943083,0.259167820472075,0.15359301155483945,0.259167820472075,0.6225745320133381,0.259167820472075,0.259167820472075,0.259167820472075,0.6225745320133381,0.259167820472075,0.6225745320133381,0.15359301155483945
HNRNPA2B1,0.49168611589775646,0.49168611589775646,0.49168611589775646,1.0,0.49168611589775646,0.49168611589775646,0.37203884792538755,0.49168611589775646,0.11533187158072185,0.49168611589775646,0.11533187158072185,1.0,0.15341013353921643,0.2108338036280254,0.17144363571875215,0.37203884792538755,0.11533187158072185,0.37203884792538755,0.49168611589775646
HNRNPD,0.38787604617918814,0.38787604617918814,0.38787604617918814,1.0,0.16661235091582036,0.13011525279967878,0.6212280590366231,0.38787604617918814,0.2550789232415215,0.16661235091582036,0.2550789232415215,0.6212280590366231,0.2550789232415215,0.2550789232415215,0.2550789232415215,0.6212280590366231,0.2550789232415215,0.6212280590366231,0.16661235091582036
HNRNPF,0.2781304393077505,0.2781304393077505,0.2781304393077505,1.0,0.16563347002488432,0.10249611707401365,0.48780688244884446,0.2781304393077505,0.48780688244884446,0.16563347002488432,0.48780688244884446,1.0,0.48780688244884446,0.48780688244884446,0.48780688244884446,0.48780688244884446,0.48780688244884446,0.48780688244884446,0.16563347002488432
HNRNPU,0.3864891885372123,0.3864891885372123,0.3864891885372123,1.0,0.16426826866180738,0.12476184813614231,0.6217038264833062,0.3864891885372123,0.2568938610792893,0.16426826866180738,0.2568938610792893,0.6217038264833062,0.2568938610792893,0.2568938610792893,0.2568938610792893,0.6217038264833062,0.2568938610792893,0.6217038264833062,0.16426826866180738
HNRNPUL1,0.48832964497983483,0.48832964497983483,0.48832964497983483,1.0,0.48832964497983483,0.48832964497983483,0.37508851833284945,0.48832964497983483,0.13146223406301802,0.48832964497983483,0.13146223406301802,1.0,0.14963248243038846,0.21324363061032886,0.1730394523865414,0.37508851833284945,0.13146223406301802,0.37508851833284945,0.48832964497983483
HSPA1B,0.3858314666259882,0.3858314666259882,0.3858314666259882,1.0,0.16939014072227335,0.11833183679993108,0.6220252924395488,0.3858314666259882,0.25959710513394585,0.16939014072227335,0.25959710513394585,0.6220252924395488,0.25959710513394585,0.25959710513394585,0.25959710513394585,0.6220252924395488,0.25959710513394585,0.6220252924395488,0.16939014072227335
HSPA8,0.4907119366252471,0.4907119366252471,0.4907119366252471,1.0,0.4907119366252471,0.4907119366252471,0.37297942210768437,0.4907119366252471,0.11761651894514658,0.4907119366252471,0.11761651894514658,1.0,0.15114622030221456,0.21126330354907435,0.17172263165709975,0.37297942210768437,0.11761651894514658,0.37297942210768437,0.4907119366252471
HSPB1,0.5169811205190372,0.5169811205190372,0.5169811205190372,1.0,0.5169811205190372,0.5169811205190372,0.3566485739269626,0.5169811205190372,0.2436474110705292,0.5169811205190372,0.2436474110705292,1.0,0.2436474110705292,0.2436474110705292,0.2436474110705292,0.3566485739269626,0.2436474110705292,0.3566485739269626,0.5169811205190372
HSPB8,1.0,1.0,1.0,0.7875382154277707,1.0,1.0,1.0,1.0,1.0,1.0,1.0,0.17373191973328403,1.0,1.0,1.0,1.0,1.0,1.0,1.0
HSPG2,0.3891206415718102,0.3891206415718102,0.3891206415718102,1.0,0.25555802647457215,0.25555802647457215,0.6209367503002852,0.3891206415718102,0.14574833876870247,0.25555802647457215,0.14574833876870247,0.6209367503002852,0.08674841897716028,0.2025217938858284,0.1674190851135175,0.6209367503002852,0.14574833876870247,0.6209367503002852,0.25555802647457215
HYOU1,0.49094519050104607,0.49094519050104607,0.49094519050104607,1.0,0.49094519050104607,0.49094519050104607,0.37342920759011283,0.49094519050104607,0.12799617389982204,0.49094519050104607,0.12799617389982204,1.0,0.15490591244480206,0.21264948323043484,0.1717509171267152,0.37342920759011283,0.12799617389982204,0.37342920759011283,0.49094519050104607
IER3IP1,0.2636652260976446,0.2636652260976446,0.2636652260976446,1.0,0.16681000698665538,0.10655004865279127,0.4933447509371376,0.2636652260976446,0.4933447509371376,0.16681000698665538,0.4933447509371376,1.0,0.4933447509371376,0.4933447509371376,0.4933447509371376,0.4933447509371376,0.4933447509371376,0.4933447509371376,0.16681000698665538
IER5,0.4897073745598226,0.4897073745598226,0.4897073745598226,1.0,0.4897073745598226,0.4897073745598226,0.37498014823555276,0.4897073745598226,0.13695155239971224,0.4897073745598226,0.13695155239971224,1.0,0.15401989160597634,0.21379103142462466,0.1730330553372542,0.37498014823555276,0.13695155239971224,0.37498014823555276,0.4897073745598226
IFI16,0.4955292675919066,0.4955292675919066,0.4955292675919066,1.0,0.4955292675919066,0.4955292675919066,0.36763838402025395,0.4955292675919066,0.07726918742324937,0.4955292675919066,0.038878948132284596,1.0,0.14200614857856253,0.20333067952504505,0.1721862015305302,0.36763838402025395,0.06916339184468316,0.36763838402025395,0.4955292675919066
IFNGR1,0.5000910271410886,0.5000910271410886,0.5000910271410886,1.0,0.5000910271410886,0.5000910271410886,0.36239452991679316,0.5000910271410886,0.0511993920822191,0.5000910271410886,0.06868110798347431,1.0,0.15579736370823538,0.2010530355659496,0.170729491714282,0.36239452991679316,0.06868110798347431,0.36239452991679316,0.5000910271410886
IGFBP4,0.49206513818351627,0.49206513818351627,0.49206513818351627,1.0,0.49206513818351627,0.49206513818351627,0.3713246852066393,0.49206513818351627,0.08487733732495364,0.49206513818351627,0.05980699155347621,1.0,0.142035748485727,0.2079776788463985,0.17027650354324522,0.3713246852066393,0.08487733732495364,0.3713246852066393,0.49206513818351627
IGHA1,0.5201767747182683,0.5201767747182683,0.5201767747182683,1.0,0.5201767747182683,0.5201767747182683,0.17673089739114742,0.5201767747182683,0.3369600419602354,0.5201767747182683,0.3369600419602354,1.0,0.3369600419602354,0.3369600419602354,0.3369600419602354,0.25430892073913486,0.3369600419602354,0.0905949294288038,0.5201767747182683
IGHA2,0.5228423536246629,0.5228423536246629,0.5228423536246629,1.0,0.5228423536246629,0.5228423536246629,0.171315459278941,0.5228423536246629,0.34203988305752603,0.5228423536246629,0.34203988305752603,1.0,0.34203988305752603,0.34203988305752603,0.34203988305752603,0.2483381227684655,0.34203988305752603,0.08151160172069533,0.5228423536246629
IGHM,0.5216039017104644,0.5216039017104644,0.5216039017104644,1.0,0.5216039017104644,0.5216039017104644,0.17859782254846526,0.5216039017104644,0.340661293279428,0.5216039017104644,0.340661293279428,1.0,0.340661293279428,0.340661293279428,0.340661293279428,0.2500259089404478,0.340661293279428,0.09084375069171084,0.5216039017104644
IL6ST,0.4987939180597965,0.4987939180597965,0.4987939180597965,1.0,0.4987939180597965,0.4987939180597965,0.3650573471025188,0.4987939180597965,0.06601591027172105,0.4987939180597965,0.07547564531775039,1.0,0.15739394886496252,0.20521399477806382,0.1685936215012481,0.3650573471025188,0.07547564531775039,0.3650573471025188,0.4987939180597965
ILK,0.4977166997300562,0.4977166997300562,0.4977166997300562,1.0,0.4977166997300562,0.4977166997300562,0.3656560043153666,0.4977166997300562,0.06549480329483541,0.4977166997300562,0.07181134654849641,1.0,0.15394380850332468,0.20431334666597536,0.168954290436082,0.3656560043153666,0.07181134654849641,0.3656560043153666,0.4977166997300562
IQGAP1,0.38614797181364463,0.38614797181364463,0.38614797181364463,1.0,0.16225338390820163,0.12026754832054717,0.6217549496375325,0.38614797181364463,0.2574736650262002,0.16225338390820163,0.2574736650262002,0.6217549496375325,0.2574736650262002,0.2574736650262002,0.2574736650262002,0.6217549496375325,0.2574736650262002,0.6217549496375325,0.16225338390820163
IRF2BP2,0.4847440463207535,0.4847440463207535,0.4847440463207535,1.0,0.4847440463207535,0.4847440463207535,0.379227328005523,0.4847440463207535,0.15675888997566784,0.4847440463207535,0.15675888997566784,1.0,0.1400761653133613,0.21754289239547678,0.175992199567672,0.379227328005523,0.15675888997566784,0.379227328005523,0.4847440463207535
IRX3,0.5000574983919054,0.5000574983919054,0.5000574983919054,1.0,0.5000574983919054,0.5000574983919054,0.3659709488798769,0.5000574983919054,0.1227800944028372,0.5000574983919054,0.1227800944028372,1.0,0.17810773095919966,0.20949599690560922,0.16263549826092097,0.3659709488798769,0.1227800944028372,0.3659709488798769,0.5000574983919054
IST1,0.3892475553942781,0.3892475553942781,0.3892475553942781,1.0,0.257723543237965,0.257723543237965,0.6209605556109137,0.3892475553942781,0.14834974552156088,0.257723543237965,0.14834974552156088,0.6209605556109137,0.11236078864837021,0.203378877868717,0.1627307215310962,0.6209605556109137,0.14834974552156088,0.6209605556109137,0.257723543237965
ITGA6,0.38468713375401475,0.38468713375401475,0.38468713375401475,1.0,0.16231361951713383,0.1166013842157569,0.6224069658527945,0.38468713375401475,0.2596428354832623,0.16231361951713383,0.2596428354832623,0.6224069658527945,0.2596428354832623,0.2596428354832623,0.2596428354832623,0.6224069658527945,0.2596428354832623,0.6224069658527945,0.16231361951713383
ITGB1,0.48786435964074454,0.48786435964074454,0.48786435964074454,1.0,0.48786435964074454,0.48786435964074454,0.3749822423340207,0.48786435964074454,0.13774028833294918,0.48786435964074454,0.13774028833294918,1.0,0.12093666029661836,0.2122991117760675,0.17278532812172992,0.3749822423340207,0.13774028833294918,0.3749822423340207,0.48786435964074454
ITGB5,0.5037488553602637,0.5037488553602637,0.5037488553602637,1.0,0.5037488553602637,0.5037488553602637,0.36114370920810773,0.5037488553602637,0.09823085332059593,0.5037488553602637,0.09823085332059593,1.0,0.17828579387054233,0.20427813342581094,0.1633624223607741,0.36114370920810773,0.09823085332059593,0.36114370920810773,0.5037488553602637
ITGB6,0.2792204310142219,0.2792204310142219,0.2792204310142219,1.0,0.16718422557376728,0.09912344256002402,0.49223780439129156,0.2792204310142219,0.49223780439129156,0.16718422557376728,0.49223780439129156,1.0,0.49223780439129156,0.49223780439129156,0.49223780439129156,0.49223780439129156,0.49223780439129156,0.49223780439129156,0.16718422557376728
JCHAIN,0.5284278971595425,0.5284278971595425,0.5284278971595425,1.0,0.5284278971595425,0.5284278971595425,0.15647805096550135,0.5284278971595425,0.3515871674788504,0.5284278971595425,0.3515871674788504,1.0,0.3515871674788504,0.3515871674788504,0.3515871674788504,0.23777202533438924,0.3515871674788504,0.06362607931544352,0.5284278971595425
JPT2,0.38551887724961686,0.38551887724961686,0.38551887724961686,1.0,0.17150027239792567,0.11694233831722858,0.6221428226888435,0.38551887724961686,0.26103453837687013,0.17150027239792567,0.26103453837687013,0.6221428226888435,0.26103453837687013,0.26103453837687013,0.26103453837687013,0.6221428226888435,0.26103453837687013,0.6221428226888435,0.17150027239792567
JUN,0.5117536042952125,0.5117536042952125,0.5117536042952125,1.0,0.5117536042952125,0.5117536042952125,0.35235657220320715,0.5117536042952125,0.11365306668977623,0.5117536042952125,0.11365306668977623,1.0,0.18466033256186035,0.20009581665516546,0.16988939299227632,0.35235657220320715,0.11365306668977623,0.35235657220320715,0.5117536042952125
KANK2,0.5038689266888399,0.5038689266888399,0.5038689266888399,1.0,0.5038689266888399,0.5038689266888399,0.36027134391739146,0.5038689266888399,0.06640253591615906,0.5038689266888399,0.0723745551803024,1.0,0.15964841479334524,0.2009231490950308,0.17250390610100752,0.36027134391739146,0.046253646471521054,0.36027134391739146,0.5038689266888399
KCNJ3,0.036599141025556656,0.08639450195393611,0.08639450195393611,1.0,0.26796178264958076,0.26796178264958076,0.5068258614664135,0.11786891789197103,0.5068258614664135,0.26796178264958076,0.5068258614664135,1.0,0.5068258614664135,0.5068258614664135,0.5068258614664135,0.5068258614664135,0.5068258614664135,0.5068258614664135,0.26796178264958076
KDM2A,0.485416253946786,0.485416253946786,0.485416253946786,1.0,0.485416253946786,0.485416253946786,0.3783518358138198,0.485416253946786,0.15476580304303392,0.485416253946786,0.15476580304303392,1.0,0.14241778934387422,0.21651528243477422,0.17542942784643908,0.3783518358138198,0.15476580304303392,0.3783518358138198,0.485416253946786
KDM5A,0.3900695537866143,0.3900695537866143,0.3900695537866143,1.0,0.25912076489289043,0.25912076489289043,0.620461362290023,0.3900695537866143,0.14615395956143248,0.25912076489289043,0.14615395956143248,0.620461362290023,0.1258621818017639,0.2029580435398003,0.16444867598313515,0.620461362290023,0.14615395956143248,0.620461362290023,0.25912076489289043
KHDRBS1,0.48811964625679416,0.48811964625679416,0.48811964625679416,1.0,0.48811964625679416,0.48811964625679416,0.37528176630724636,0.48811964625679416,0.1315302568525486,0.48811964625679416,0.1315302568525486,1.0,0.1489513470237632,0.2133639930477089,0.17273799048080554,0.37528176630724636,0.1315302568525486,0.37528176630724636,0.48811964625679416
KIF5B,0.3840730335474588,0.3840730335474588,0.3840730335474588,1.0,0.15665108114600423,0.10557733183810215,0.6225661856493692,0.3840730335474588,0.26004646783920665,0.15665108114600423,0.26004646783920665,0.6225661856493692,0.26004646783920665,0.26004646783920665,0.26004646783920665,0.6225661856493692,0.26004646783920665,0.6225661856493692,0.15665108114600423
KLK5,0.2794559920671004,0.2794559920671004,0.2794559920671004,1.0,0.1839947584010238,0.08068476862488028,0.4929659894289511,0.2794559920671004,0.4929659894289511,0.1839947584010238,0.4929659894289511,1.0,0.4929659894289511,0.4929659894289511,0.4929659894289511,0.4929659894289511,0.4929659894289511,0.4929659894289511,0.1839947584010238
KLK7,0.2833851361916884,0.2833851361916884,0.2833851361916884,1.0,0.18666449853179148,0.09943731481492571,0.49208425892417385,0.2833851361916884,0.49208425892417385,0.18666449853179148,0.49208425892417385,1.0,0.49208425892417385,0.49208425892417385,0.49208425892417385,0.49208425892417385,0.49208425892417385,0.49208425892417385,0.18666449853179148
KMT2E,0.48836964803891725,0.48836964803891725,0.48836964803891725,1.0,0.48836964803891725,0.48836964803891725,0.3749039395152045,0.48836964803891725,0.12898843876029287,0.48836964803891725,0.12898843876029287,1.0,0.14919796703059,0.21308686283418507,0.17259304658386274,0.3749039395152045,0.12898843876029287,0.3749039395152045,0.48836964803891725
KPNB1,0.3894727839201064,0.3894727839201064,0.3894727839201064,1.0,0.25781234800808756,0.25781234800808756,0.6206862497597792,0.3894727839201064,0.14689621995171878,0.25781234800808756,0.14689621995171878,0.6206862497597792,0.117801326314664,0.20299270167448022,0.16528307117723218,0.6206862497597792,0.14689621995171878,0.6206862497597792,0.25781234800808756
KRT23,0.2883566224582761,0.2883566224582761,0.2883566224582761,1.0,0.20187233090809467,0.10369175615962213,0.49054081668433935,0.2883566224582761,0.49054081668433935,0.20187233090809467,0.49054081668433935,1.0,0.49054081668433935,0.49054081668433935,0.49054081668433935,0.49054081668433935,0.49054081668433935,0.49054081668433935,0.20187233090809467
KTN1,0.4858063311416436,0.4858063311416436,0.4858063311416436,1.0,0.4858063311416436,0.4858063311416436,0.3781639433385451,0.4858063311416436,0.15265242696452197,0.4858063311416436,0.15265242696452197,1.0,0.1400595227780376,0.21655916830735297,0.1749054327082357,0.3781639433385451,0.15265242696452197,0.3781639433385451,0.4858063311416436
LAMB1,0.5090791522639038,0.5090791522639038,0.5090791522639038,1.0,0.5090791522639038,0.5090791522639038,0.3542839851576513,0.5090791522639038,0.09139871164257399,0.5090791522639038,0.09139871164257399,1.0,0.19185503173719362,0.16830202443287293,0.18742089629733186,0.3542839851576513,0.09139871164257399,0.3542839851576513,0.5090791522639038
LAMP1,0.3852839626550731,0.3852839626550731,0.3852839626550731,1.0,0.16189363603561518,0.11613945734944936,0.6222220672876426,0.3852839626550731,0.2585593415928197,0.16189363603561518,0.2585593415928197,0.6222220672876426,0.2585593415928197,0.2585593415928197,0.2585593415928197,0.6222220672876426,0.2585593415928197,0.6222220672876426,0.16189363603561518
LAMTOR1,0.4869383000566748,0.4869383000566748,0.4869383000566748,1.0,0.4869383000566748,0.4869383000566748,0.37664311281445384,0.4869383000566748,0.14557334394784952,0.4869383000566748,0.14557334394784952,1.0,0.12902463137708936,0.21459846399779473,0.1730704897354806,0.37664311281445384,0.14557334394784952,0.37664311281445384,0.4869383000566748
LAMTOR2,0.3827737764704947,0.3827737764704947,0.3827737764704947,1.0,0.16373106826248227,0.10774839722544065,0.6230207657920352,0.3827737764704947,0.26392718130364806,0.16373106826248227,0.26392718130364806,0.6230207657920352,0.26392718130364806,0.26392718130364806,0.26392718130364806,0.6230207657920352,0.26392718130364806,0.6230207657920352,0.16373106826248227
LAMTOR5,0.38388074080110746,0.38388074080110746,0.38388074080110746,1.0,0.16102078291915933,0.11033586686533418,0.6225997656996598,0.38388074080110746,0.26121647869988107,0.16102078291915933,0.26121647869988107,0.6225997656996598,0.26121647869988107,0.26121647869988107,0.26121647869988107,0.6225997656996598,0.26121647869988107,0.6225997656996598,0.16102078291915933
LAPTM5,0.2758817058063505,0.2758817058063505,0.2758817058063505,1.0,0.08296157710731827,0.16435616627093358,0.4884679696192501,0.2758817058063505,0.4884679696192501,0.10529541254187497,0.4884679696192501,1.0,0.4884679696192501,0.4884679696192501,0.4884679696192501,0.4884679696192501,0.4884679696192501,0.4884679696192501,0.08296157710731827
LASP1,0.49419244799103174,0.49419244799103174,0.49419244799103174,1.0,0.49419244799103174,0.49419244799103174,0.36963179880904456,0.49419244799103174,0.09524609534284169,0.49419244799103174,0.09524609534284169,1.0,0.15286268998969077,0.20830470963000086,0.1693625644283373,0.36963179880904456,0.09524609534284169,0.36963179880904456,0.49419244799103174
LEMD3,0.49687324512782916,0.49687324512782916,0.49687324512782916,1.0,0.49687324512782916,0.49687324512782916,0.3691524821052193,0.49687324512782916,0.12436230980150827,0.49687324512782916,0.12436230980150827,1.0,0.17429520672735938,0.2107925475709253,0.1622867195054487,0.3691524821052193,0.12436230980150827,0.3691524821052193,0.49687324512782916
LGALS3,0.5206219668069663,0.5206219668069663,0.5206219668069663,1.0,0.5206219668069663,0.5206219668069663,0.1429299362740732,0.5206219668069663,0.3318974759703673,0.5206219668069663,0.3318974759703673,1.0,0.3318974759703673,0.3318974759703673,0.3318974759703673,0.26135598325020015,0.3318974759703673,0.16721587756980152,0.5206219668069663
LMAN2,0.49082449279247325,0.49082449279247325,0.49082449279247325,1.0,0.49082449279247325,0.49082449279247325,0.3732103427403305,0.49082449279247325,0.12087457094603186,0.49082449279247325,0.12087457094603186,1.0,0.1521954845167805,0.21195464692193172,0.17124331368439602,0.3732103427403305,0.12087457094603186,0.3732103427403305,0.49082449279247325
LMNA,0.49437339607198494,0.49437339607198494,0.49437339607198494,1.0,0.49437339607198494,0.49437339607198494,0.36970898572347005,0.49437339607198494,0.09476170419693379,0.49437339607198494,0.09476170419693379,1.0,0.1530216639036736,0.20864277794998395,0.16904022679976866,0.36970898572347005,0.09476170419693379,0.36970898572347005,0.49437339607198494
LRP1,0.5061816047735201,0.5061816047735201,0.5061816047735201,1.0,0.5061816047735201,0.5061816047735201,0.3578215209331307,0.5061816047735201,0.07062448912997167,0.5061816047735201,0.07803055655798305,1.0,0.16399983038328306,0.19955390433128017,0.17452514395969954,0.3578215209331307,0.05609883689035187,0.3578215209331307,0.5061816047735201
LRRC59,0.48722297317044166,0.48722297317044166,0.48722297317044166,1.0,0.48722297317044166,0.48722297317044166,0.3786271998953577,0.48722297317044166,0.16944101259009073,0.48722297317044166,0.16944101259009073,1.0,0.16944101259009073,0.2183533113162826,0.17636376247361485,0.3786271998953577,0.16944101259009073,0.3786271998953577,0.48722297317044166
LSP1,0.5059210519853015,0.5059210519853015,0.5059210519853015,1.0,0.5059210519853015,0.5059210519853015,0.35716686881638904,0.5059210519853015,0.06791661527487383,0.5059210519853015,0.07797190281994833,1.0,0.1642244506663118,0.1985087827634197,0.17457762772774296,0.35716686881638904,0.06076449119723246,0.35716686881638904,0.5059210519853015
LUM,0.49215077185346257,0.49215077185346257,0.49215077185346257,1.0,0.49215077185346257,0.49215077185346257,0.3706563995701716,0.49215077185346257,0.0837713341605904,0.49215077185346257,0.052748942100906984,1.0,0.13806706709604546,0.2061649430962648,0.17192439530686665,0.3706563995701716,0.0837713341605904,0.3706563995701716,0.49215077185346257
MAGED2,0.5000845842501417,0.5000845842501417,0.5000845842501417,1.0,0.5000845842501417,0.5000845842501417,0.36643562744833447,0.5000845842501417,0.11603857356593138,0.5000845842501417,0.11603857356593138,1.0,0.17647138745304228,0.20914531887753685,0.16147523453768187,0.36643562744833447,0.11603857356593138,0.36643562744833447,0.5000845842501417
MAL2,0.3853145988283765,0.3853145988283765,0.3853145988283765,1.0,0.17301828421760898,0.11552745515892168,0.6223512140940372,0.3853145988283765,0.2622483311130492,0.17301828421760898,0.2622483311130492,0.6223512140940372,0.2622483311130492,0.2622483311130492,0.2622483311130492,0.6223512140940372,0.2622483311130492,0.6223512140940372,0.17301828421760898
MAP1LC3B,0.27929612285754546,0.27929612285754546,0.27929612285754546,1.0,0.16530064281576934,0.10765760579054678,0.48727899623668325,0.27929612285754546,0.48727899623668325,0.16530064281576934,0.48727899623668325,1.0,0.48727899623668325,0.48727899623668325,0.48727899623668325,0.48727899623668325,0.48727899623668325,0.48727899623668325,0.16530064281576934
MAP3K3,0.3887887831005495,0.3887887831005495,0.3887887831005495,1.0,0.25832234745166094,0.25832234745166094,0.6208296638471332,0.3887887831005495,0.16129401344345515,0.25832234745166094,0.16129401344345515,0.6208296638471332,0.13061138964872018,0.2047315456432367,0.16129401344345515,0.6208296638471332,0.16129401344345515,0.6208296638471332,0.25832234745166094
MAP4,0.48936286635238935,0.48936286635238935,0.48936286635238935,1.0,0.48936286635238935,0.48936286635238935,0.3736794164793303,0.48936286635238935,0.10844705978873286,0.48936286635238935,0.10844705978873286,1.0,0.14404609175543284,0.21080364543752794,0.17157870075816326,0.3736794164793303,0.10844705978873286,0.3736794164793303,0.48936286635238935
MAPKAPK2,0.267552413244282,0.267552413244282,0.267552413244282,1.0,0.1603450900058191,0.10073734936282398,0.49148943878210916,0.267552413244282,0.49148943878210916,0.1603450900058191,0.49148943878210916,1.0,0.49148943878210916,0.49148943878210916,0.49148943878210916,0.49148943878210916,0.49148943878210916,0.49148943878210916,0.1603450900058191
MARCKS,0.38911489786266923,0.38911489786266923,0.38911489786266923,1.0,0.25622904865055623,0.25622904865055623,0.621017706834694,0.38911489786266923,0.14605064990071967,0.25622904865055623,0.14605064990071967,0.621017706834694,0.09099549886464953,0.20277658053061756,0.16541877905050248,0.621017706834694,0.14605064990071967,0.621017706834694,0.25622904865055623
MAT2B,0.4940937306039059,0.4940937306039059,0.4940937306039059,1.0,0.4940937306039059,0.4940937306039059,0.36894846057596586,0.4940937306039059,0.09128989163561106,0.4940937306039059,0.09128989163561106,1.0,0.15222150375998075,0.2071404854104073,0.17008728428368816,0.36894846057596586,0.09128989163561106,0.36894846057596586,0.4940937306039059
MBD2,0.38329618045279323,0.38329618045279323,0.38329618045279323,1.0,0.15339843589224733,0.10674363378935436,0.6228916604172898,0.38329618045279323,0.26079288529402367,0.15339843589224733,0.26079288529402367,0.6228916604172898,0.26079288529402367,0.26079288529402367,0.26079288529402367,0.6228916604172898,0.26079288529402367,0.6228916604172898,0.15339843589224733
MBNL1,0.4922549187323847,0.4922549187323847,0.4922549187323847,1.0,0.4922549187323847,0.4922549187323847,0.37046784919121617,0.4922549187323847,0.0827966923675388,0.4922549187323847,0.05963090765970683,1.0,0.14301500173312184,0.20718865196832995,0.1701067785187409,0.37046784919121617,0.0827966923675388,0.37046784919121617,0.4922549187323847
MCCC2,0.3908153336323548,0.3908153336323548,0.3908153336323548,1.0,0.18592231681848512,0.15261495473309353,0.6202810606859048,0.3908153336323548,0.25514153434525233,0.18592231681848512,0.25514153434525233,0.6202810606859048,0.25514153434525233,0.25514153434525233,0.25514153434525233,0.6202810606859048,0.25514153434525233,0.6202810606859048,0.18592231681848512
MCL1,0.4911302075575525,0.4911302075575525,0.4911302075575525,1.0,0.4911302075575525,0.4911302075575525,0.3720840242826399,0.4911302075575525,0.09959937210987874,0.4911302075575525,0.09959937210987874,1.0,0.14564334857887382,0.20962448206195636,0.1697249121229621,0.3720840242826399,0.09959937210987874,0.3720840242826399,0.4911302075575525
MDH2,0.38510668797045733,0.38510668797045733,0.38510668797045733,1.0,0.16547247398630957,0.11823117655125295,0.6222122296517036,0.38510668797045733,0.2598119377313388,0.16547247398630957,0.2598119377313388,0.6222122296517036,0.2598119377313388,0.2598119377313388,0.2598119377313388,0.6222122296517036,0.2598119377313388,0.6222122296517036,0.16547247398630957
MDM2,0.48863192941444616,0.48863192941444616,0.48863192941444616,1.0,0.48863192941444616,0.48863192941444616,0.37730294343921467,0.48863192941444616,0.15919316065193886,0.48863192941444616,0.15919316065193886,1.0,0.15919316065193886,0.21704500807662322,0.17420844406619557,0.37730294343921467,0.15919316065193886,0.37730294343921467,0.48863192941444616
MED13,0.3862016711072045,0.3862016711072045,0.3862016711072045,1.0,0.1702124292531525,0.12479724086820833,0.6217453113795063,0.3862016711072045,0.2590158448173982,0.1702124292531525,0.2590158448173982,0.6217453113795063,0.2590158448173982,0.2590158448173982,0.2590158448173982,0.6217453113795063,0.2590158448173982,0.6217453113795063,0.1702124292531525
MEF2D,0.49540195698431944,0.49540195698431944,0.49540195698431944,1.0,0.49540195698431944,0.49540195698431944,0.36884048796453717,0.49540195698431944,0.09881189309342574,0.49540195698431944,0.09881189309342574,1.0,0.15661821354470337,0.20830269285625594,0.17010649143725887,0.36884048796453717,0.09881189309342574,0.36884048796453717,0.49540195698431944
MLPH,0.3880000960655525,0.3880000960655525,0.3880000960655525,1.0,0.17975035454956803,0.14088195291286176,0.6212543610907708,0.3880000960655525,0.2580047992812137,0.17975035454956803,0.2580047992812137,0.6212543610907708,0.2580047992812137,0.2580047992812137,0.2580047992812137,0.6212543610907708,0.2580047992812137,0.6212543610907708,0.17975035454956803
MMP2,0.39115047519734186,0.39115047519734186,0.39115047519734186,1.0,0.16282661394184117,0.18308681532267826,0.6220547227498958,0.39115047519734186,0.25534763935850213,0.16282661394184117,0.25534763935850213,0.6220547227498958,0.05206179042823776,0.25534763935850213,0.25534763935850213,0.6220547227498958,0.25534763935850213,0.6220547227498958,0.16282661394184117
MMP7,0.2746673935934872,0.2746673935934872,0.2746673935934872,1.0,0.20769274206415966,0.12951934228950657,0.5030889482773478,0.2746673935934872,0.5030889482773478,0.20769274206415966,0.5030889482773478,1.0,0.5030889482773478,0.5030889482773478,0.5030889482773478,0.5030889482773478,0.5030889482773478,0.5030889482773478,0.20769274206415966
MMRN2,0.49569927814092113,0.49569927814092113,0.49569927814092113,1.0,0.49569927814092113,0.49569927814092113,0.3685651815515273,0.49569927814092113,0.08107548549523114,0.49569927814092113,0.03958045356367607,1.0,0.14795154239058397,0.20587944966379546,0.17212147398787372,0.3685651815515273,0.06756006994218837,0.3685651815515273,0.49569927814092113
MRFAP1L1,0.38704778126597794,0.38704778126597794,0.38704778126597794,1.0,0.16720829472633647,0.12500709583052053,0.6215466189013754,0.38704778126597794,0.2567343577928011,0.16720829472633647,0.2567343577928011,0.6215466189013754,0.2567343577928011,0.2567343577928011,0.2567343577928011,0.6215466189013754,0.2567343577928011,0.6215466189013754,0.16720829472633647
MSI2,0.27977532929747306,0.27977532929747306,0.27977532929747306,1.0,0.17077992684851095,0.10466695799092592,0.48773019855130073,0.27977532929747306,0.48773019855130073,0.17077992684851095,0.48773019855130073,1.0,0.48773019855130073,0.48773019855130073,0.48773019855130073,0.48773019855130073,0.48773019855130073,0.48773019855130073,0.17077992684851095
MSMB,0.1487971947116387,0.1487971947116387,0.1487971947116387,1.0,0.2641913453850989,0.2641913453850989,0.5023680103310068,0.1487971947116387,0.5023680103310068,0.2641913453850989,0.5023680103310068,1.0,0.5023680103310068,0.5023680103310068,0.5023680103310068,0.5023680103310068,0.5023680103310068,0.5023680103310068,0.2641913453850989
MUC1,0.5340255698138531,0.5340255698138531,0.5340255698138531,1.0,0.5340255698138531,0.5340255698138531,0.20365790408171477,0.5340255698138531,0.3648282598280191,0.5340255698138531,0.3648282598280191,1.0,0.3648282598280191,0.3648282598280191,0.3648282598280191,0.24131029632590198,0.3648282598280191,0.20365790408171477,0.5340255698138531
MXI1,0.4930627295282191,0.4930627295282191,0.4930627295282191,1.0,0.4930627295282191,0.4930627295282191,0.37128013095845985,0.4930627295282191,0.11354389589884706,0.4930627295282191,0.11354389589884706,1.0,0.15549852376920717,0.21110614250532828,0.17079046088211727,0.37128013095845985,0.11354389589884706,0.37128013095845985,0.4930627295282191
MYB,0.49336891762075724,0.49336891762075724,0.49336891762075724,1.0,0.49336891762075724,0.49336891762075724,0.3731884909454659,0.49336891762075724,0.14009161545852178,0.49336891762075724,0.14009161545852178,1.0,0.16138688405655136,0.21411035022705888,0.17248357451305935,0.3731884909454659,0.14009161545852178,0.3731884909454659,0.49336891762075724
MYH9,0.488620711507153,0.488620711507153,0.488620711507153,1.0,0.488620711507153,0.488620711507153,0.3739632092736325,0.488620711507153,0.11446597550758934,0.488620711507153,0.11446597550758934,1.0,0.14496657296503518,0.21089804989018013,0.17243160681998804,0.3739632092736325,0.11446597550758934,0.3739632092736325,0.488620711507153
MYL6,0.4867285146327192,0.4867285146327192,0.4867285146327192,1.0,0.4867285146327192,0.4867285146327192,0.3768329565369147,0.4867285146327192,0.14376019815016425,0.4867285146327192,0.14376019815016425,1.0,0.11823099823953227,0.21422347524785001,0.17317877174507554,0.3768329565369147,0.14376019815016425,0.3768329565369147,0.4867285146327192
NAP1L1,0.2651318610083386,0.2651318610083386,0.2651318610083386,1.0,0.15430109545189785,0.10555848600798134,0.49201616928908926,0.2651318610083386,0.49201616928908926,0.15430109545189785,0.49201616928908926,1.0,0.49201616928908926,0.49201616928908926,0.49201616928908926,0.49201616928908926,0.49201616928908926,0.49201616928908926,0.15430109545189785
NAP1L4,0.38459000310120567,0.38459000310120567,0.38459000310120567,1.0,0.16161127937754408,0.10835177278244304,0.6223687922720803,0.38459000310120567,0.26030325556613093,0.16161127937754408,0.26030325556613093,0.6223687922720803,0.26030325556613093,0.26030325556613093,0.26030325556613093,0.6223687922720803,0.26030325556613093,0.6223687922720803,0.16161127937754408
NAPA,0.3887123772339536,0.3887123772339536,0.3887123772339536,1.0,0.25867535120577384,0.25867535120577384,0.6209647013501617,0.3887123772339536,0.16281327998267778,0.25867535120577384,0.16281327998267778,0.6209647013501617,0.13533797618111476,0.20532039449395278,0.16281327998267778,0.6209647013501617,0.16281327998267778,0.6209647013501617,0.25867535120577384
NCOR1,0.38979185399148464,0.38979185399148464,0.38979185399148464,1.0,0.2590143597023145,0.2590143597023145,0.6206262496452869,0.38979185399148464,0.14697716775756722,0.2590143597023145,0.14697716775756722,0.6206262496452869,0.12384226398578893,0.20366183150162792,0.16446417801201535,0.6206262496452869,0.14697716775756722,0.6206262496452869,0.2590143597023145
NDFIP1,0.5026824048012435,0.5026824048012435,0.5026824048012435,1.0,0.5026824048012435,0.5026824048012435,0.3617055520599234,0.5026824048012435,0.07303854946746932,0.5026824048012435,0.08212359393655304,1.0,0.17484172662077985,0.20356065052354091,0.16103384207927246,0.3617055520599234,0.08212359393655304,0.3617055520599234,0.5026824048012435
NDUFC1,0.3878494820976034,0.3878494820976034,0.3878494820976034,1.0,0.17191312024691838,0.12977186100958576,0.6212641681995743,0.3878494820976034,0.2564686044620758,0.17191312024691838,0.2564686044620758,0.6212641681995743,0.2564686044620758,0.2564686044620758,0.2564686044620758,0.6212641681995743,0.2564686044620758,0.6212641681995743,0.17191312024691838
NECTIN2,0.2686004567348332,0.2686004567348332,0.2686004567348332,1.0,0.1713751758480509,0.10259755293108341,0.49205710196706276,0.2686004567348332,0.49205710196706276,0.1713751758480509,0.49205710196706276,1.0,0.49205710196706276,0.49205710196706276,0.49205710196706276,0.49205710196706276,0.49205710196706276,0.49205710196706276,0.1713751758480509
NES,0.49802130610946105,0.49802130610946105,0.49802130610946105,1.0,0.49802130610946105,0.49802130610946105,0.3644594994872559,0.49802130610946105,0.060315262965019115,0.49802130610946105,0.07134713155128461,1.0,0.15545163086203406,0.202925075474936,0.17129799081608554,0.3644594994872559,0.07134713155128461,0.3644594994872559,0.49802130610946105
NFE2L1,0.49353262443356,0.49353262443356,0.49353262443356,1.0,0.49353262443356,0.49353262443356,0.37054626925146583,0.49353262443356,0.10275933502742873,0.49353262443356,0.10275933502742873,1.0,0.15371952711522935,0.2095677576734538,0.17049691353401755,0.37054626925146583,0.10275933502742873,0.37054626925146583,0.49353262443356
NFE2L2,0.4995889461387265,0.4995889461387265,0.4995889461387265,1.0,0.4995889461387265,0.4995889461387265,0.363540863692622,0.4995889461387265,0.056079492930845055,0.4995889461387265,0.07101743243206737,1.0,0.15644408315479222,0.20288039135812724,0.16959304763279054,0.363540863692622,0.07101743243206737,0.363540863692622,0.4995889461387265
NFIC,0.49557944811524857,0.49557944811524857,0.49557944811524857,1.0,0.49557944811524857,0.49557944811524857,0.3681701286409761,0.49557944811524857,0.0889631859248465,0.49557944811524857,0.0889631859248465,1.0,0.1544257434569233,0.20746256337958152,0.16918441775576962,0.3681701286409761,0.0889631859248465,0.3681701286409761,0.49557944811524857
NFIX,0.49838434065224135,0.49838434065224135,0.49838434065224135,1.0,0.49838434065224135,0.49838434065224135,0.36476593036452515,0.49838434065224135,0.05616055398969648,0.49838434065224135,0.07039241904921939,1.0,0.15415017962066105,0.20389329299217773,0.16855622559258657,0.36476593036452515,0.07039241904921939,0.36476593036452515,0.49838434065224135
NFKBIZ,0.25230674000676256,0.25230674000676256,0.25230674000676256,1.0,0.1744967975531414,0.16302228227383705,0.49823297437171365,0.25230674000676256,0.49823297437171365,0.1744967975531414,0.49823297437171365,1.0,0.49823297437171365,0.49823297437171365,0.49823297437171365,0.49823297437171365,0.49823297437171365,0.49823297437171365,0.1744967975531414
NHERF1,0.4906949695686872,0.4906949695686872,0.4906949695686872,1.0,0.4906949695686872,0.4906949695686872,0.3754446653778189,0.4906949695686872,0.1516090587734937,0.4906949695686872,0.1516090587734937,1.0,0.15997038445804088,0.2157169392411072,0.17406476845670923,0.3754446653778189,0.1516090587734937,0.3754446653778189,0.4906949695686872
NHERF2,0.2754296455378838,0.2754296455378838,0.2754296455378838,1.0,0.16600772807239944,0.09859906787398244,0.4888519947996773,0.2754296455378838,0.4888519947996773,0.16600772807239944,0.4888519947996773,1.0,0.4888519947996773,0.4888519947996773,0.4888519947996773,0.4888519947996773,0.4888519947996773,0.4888519947996773,0.16600772807239944
NIBAN1,1.0,1.0,1.0,0.791521519969748,1.0,1.0,1.0,1.0,1.0,1.0,1.0,0.2541399473464278,1.0,1.0,1.0,1.0,1.0,1.0,1.0
NME1,0.2680132632995589,0.2680132632995589,0.2680132632995589,1.0,0.16995461851638738,0.10621762269041225,0.492316691497292,0.2680132632995589,0.492316691497292,0.16995461851638738,0.492316691497292,1.0,0.492316691497292,0.492316691497292,0.492316691497292,0.492316691497292,0.492316691497292,0.492316691497292,0.16995461851638738
NOTCH2,0.494148809115351,0.494148809115351,0.494148809115351,1.0,0.494148809115351,0.494148809115351,0.3695918231733261,0.494148809115351,0.09792031226519185,0.494148809115351,0.09792031226519185,1.0,0.1538667911298818,0.2088451868205618,0.16891849360781905,0.3695918231733261,0.09792031226519185,0.3695918231733261,0.494148809115351
NPEPPS,0.3838894602779361,0.3838894602779361,0.3838894602779361,1.0,0.15840087740166076,0.10870996986210547,0.6226754672095887,0.3838894602779361,0.26053783526966645,0.15840087740166076,0.26053783526966645,0.6226754672095887,0.26053783526966645,0.26053783526966645,0.26053783526966645,0.6226754672095887,0.26053783526966645,0.6226754672095887,0.15840087740166076
NPM1,0.4952338828690977,0.4952338828690977,0.4952338828690977,1.0,0.4952338828690977,0.4952338828690977,0.3684448603477058,0.4952338828690977,0.09465542310228477,0.4952338828690977,0.09465542310228477,1.0,0.15538472059823658,0.20776195638048986,0.1696105642460888,0.3684448603477058,0.09465542310228477,0.3684448603477058,0.4952338828690977
NQO1,0.26980035428691257,0.26980035428691257,0.26980035428691257,1.0,0.17300660595582004,0.09851339478154021,0.4917951338109215,0.26980035428691257,0.4917951338109215,0.17300660595582004,0.4917951338109215,1.0,0.4917951338109215,0.4917951338109215,0.4917951338109215,0.4917951338109215,0.4917951338109215,0.4917951338109215,0.17300660595582004
NRIP1,0.4889780992243615,0.4889780992243615,0.4889780992243615,1.0,0.4889780992243615,0.4889780992243615,0.37592996995217964,0.4889780992243615,0.1454974768697992,0.4889780992243615,0.1454974768697992,1.0,0.15482685304566712,0.21510430679526232,0.1738999685302664,0.37592996995217964,0.1454974768697992,0.37592996995217964,0.4889780992243615
NSA2,0.49369155135403847,0.49369155135403847,0.49369155135403847,1.0,0.49369155135403847,0.49369155135403847,0.36979049677583214,0.49369155135403847,0.09254110364677352,0.49369155135403847,0.09254110364677352,1.0,0.15066055749719381,0.20829157276532542,0.16945599884833235,0.36979049677583214,0.09254110364677352,0.36979049677583214,0.49369155135403847
NUCB2,0.4912385507131413,0.4912385507131413,0.4912385507131413,1.0,0.4912385507131413,0.4912385507131413,0.3736308849761521,0.4912385507131413,0.1284265282269212,0.4912385507131413,0.1284265282269212,1.0,0.15508802104637753,0.21344412970329732,0.17086823260836953,0.3736308849761521,0.1284265282269212,0.3736308849761521,0.4912385507131413
NUCKS1,0.3879245650319589,0.3879245650319589,0.3879245650319589,1.0,0.25732048458011997,0.25732048458011997,0.6212223323404775,0.3879245650319589,0.16408671505307532,0.25732048458011997,0.16408671505307532,0.6212223323404775,0.12743325201632438,0.20577390092081316,0.16408671505307532,0.6212223323404775,0.16408671505307532,0.6212223323404775,0.25732048458011997
NUMA1,0.494094470754756,0.494094470754756,0.494094470754756,1.0,0.494094470754756,0.494094470754756,0.37000640364354653,0.494094470754756,0.1072091435528391,0.494094470754756,0.1072091435528391,1.0,0.1559565119484073,0.20950311807750185,0.1701856712144356,0.37000640364354653,0.1072091435528391,0.37000640364354653,0.494094470754756
OAZ1,0.48741146637344074,0.48741146637344074,0.48741146637344074,1.0,0.48741146637344074,0.48741146637344074,0.37694028751008124,0.48741146637344074,0.14714686807251284,0.48741146637344074,0.14714686807251284,1.0,0.1353285041772153,0.21510032457098743,0.17368620743791305,0.37694028751008124,0.14714686807251284,0.37694028751008124,0.48741146637344074
OGA,0.4933681720714285,0.4933681720714285,0.4933681720714285,1.0,0.4933681720714285,0.4933681720714285,0.3700682103467527,0.4933681720714285,0.09785710225947265,0.4933681720714285,0.09785710225947265,1.0,0.15210044045453644,0.20871611137886217,0.16997167045177705,0.3700682103467527,0.09785710225947265,0.3700682103467527,0.4933681720714285
OGFRL1,0.5012426103599087,0.5012426103599087,0.5012426103599087,1.0,0.5012426103599087,0.5012426103599087,0.3616220725515729,0.5012426103599087,0.05425765770033277,0.5012426103599087,0.07369083156038428,1.0,0.1597355948598353,0.20161986559315984,0.1711148609904378,0.3616220725515729,0.07369083156038428,0.3616220725515729,0.5012426103599087
OR4F17,0.4870645912768671,0.4870645912768671,0.4870645912768671,1.0,0.4870645912768671,0.4870645912768671,0.3758835731608072,0.4870645912768671,0.14046830079731598,0.4870645912768671,0.14046830079731598,1.0,0.10455214509233675,0.21241406368420798,0.16980330375340524,0.3758835731608072,0.14046830079731598,0.3758835731608072,0.4870645912768671
OS9,0.49164630257867814,0.49164630257867814,0.49164630257867814,1.0,0.49164630257867814,0.49164630257867814,0.3711699506575158,0.49164630257867814,0.09622831376318546,0.49164630257867814,0.09622831376318546,1.0,0.14673959894271643,0.2087713393487094,0.16992527731613233,0.3711699506575158,0.09622831376318546,0.3711699506575158,0.49164630257867814
OSBPL8,0.2738983736250401,0.2738983736250401,0.2738983736250401,1.0,0.1599976456982724,0.0993473901346564,0.4890513427175948,0.2738983736250401,0.4890513427175948,0.1599976456982724,0.4890513427175948,1.0,0.4890513427175948,0.4890513427175948,0.4890513427175948,0.4890513427175948,0.4890513427175948,0.4890513427175948,0.1599976456982724
OST4,0.4886142428237833,0.4886142428237833,0.4886142428237833,1.0,0.4886142428237833,0.4886142428237833,0.37521823874785054,0.4886142428237833,0.12863934436743857,0.4886142428237833,0.12863934436743857,1.0,0.14853143554508622,0.21340376700745198,0.17219769794677084,0.37521823874785054,0.12863934436743857,0.37521823874785054,0.4886142428237833
P4HB,0.4933167984456236,0.4933167984456236,0.4933167984456236,1.0,0.4933167984456236,0.4933167984456236,0.3709186046031213,0.4933167984456236,0.10647035166503072,0.4933167984456236,0.10647035166503072,1.0,0.15372496132156133,0.21014763800513048,0.169877099640114,0.3709186046031213,0.10647035166503072,0.3709186046031213,0.4933167984456236
PAIP2,0.49462781062607075,0.49462781062607075,0.49462781062607075,1.0,0.49462781062607075,0.49462781062607075,0.3692347414989375,0.49462781062607075,0.09595559550441436,0.49462781062607075,0.09595559550441436,1.0,0.1542256300680124,0.2082914114138245,0.169576769425357,0.3692347414989375,0.09595559550441436,0.3692347414989375,0.49462781062607075
PARK7,0.38677646040767244,0.38677646040767244,0.38677646040767244,1.0,0.166670982356416,0.12711687342805644,0.6215438836914432,0.38677646040767244,0.2569653815902908,0.166670982356416,0.2569653815902908,0.6215438836914432,0.2569653815902908,0.2569653815902908,0.2569653815902908,0.6215438836914432,0.2569653815902908,0.6215438836914432,0.166670982356416
PAWR,0.4882262824696379,0.4882262824696379,0.4882262824696379,1.0,0.4882262824696379,0.4882262824696379,0.3761716242065438,0.4882262824696379,0.14619939739958948,0.4882262824696379,0.14619939739958948,1.0,0.15402093281886883,0.2152107772644167,0.17386365318185298,0.3761716242065438,0.14619939739958948,0.3761716242065438,0.4882262824696379
PBXIP1,0.49587525361404583,0.49587525361404583,0.49587525361404583,1.0,0.49587525361404583,0.49587525361404583,0.3686586994418652,0.49587525361404583,0.10257754042824727,0.49587525361404583,0.10257754042824727,1.0,0.15846012811471288,0.2086446202944532,0.16995008020220717,0.3686586994418652,0.10257754042824727,0.3686586994418652,0.49587525361404583
PCMTD1,0.49263668105172825,0.49263668105172825,0.49263668105172825,1.0,0.49263668105172825,0.49263668105172825,0.37050539646262864,0.49263668105172825,0.10084493963513698,0.49263668105172825,0.10084493963513698,1.0,0.15168776254571534,0.2090536605505428,0.17000475094549117,0.37050539646262864,0.10084493963513698,0.37050539646262864,0.49263668105172825
PCYOX1,0.49088489342975483,0.49088489342975483,0.49088489342975483,1.0,0.49088489342975483,0.49088489342975483,0.3736566914391631,0.49088489342975483,0.12456423488645324,0.49088489342975483,0.12456423488645324,1.0,0.15340508069300302,0.21299783570627467,0.17078762804109152,0.3736566914391631,0.12456423488645324,0.3736566914391631,0.49088489342975483
PDGFRA,0.5322541814174966,0.5322541814174966,0.5322541814174966,1.0,0.3068346874778568,0.3068346874778568,0.439353696235323,0.5322541814174966,0.14065223018318418,0.3068346874778568,0.14065223018318418,1.0,0.3068346874778568,0.1721109136372989,0.19433215177953367,0.439353696235323,0.14065223018318418,0.439353696235323,0.3068346874778568
PDS5A,0.3834444651438604,0.3834444651438604,0.3834444651438604,1.0,0.1588012935093012,0.10557100646743224,0.6227782784742577,0.3834444651438604,0.26156593765050845,0.1588012935093012,0.26156593765050845,0.6227782784742577,0.26156593765050845,0.26156593765050845,0.26156593765050845,0.6227782784742577,0.26156593765050845,0.6227782784742577,0.1588012935093012
PEA15,0.38468850758243844,0.38468850758243844,0.38468850758243844,1.0,0.15436285820991066,0.12291247275277854,0.6222692999005024,0.38468850758243844,0.2580941937307747,0.15436285820991066,0.2580941937307747,0.6222692999005024,0.2580941937307747,0.2580941937307747,0.2580941937307747,0.6222692999005024,0.2580941937307747,0.6222692999005024,0.15436285820991066
PERP,0.48765274756816646,0.48765274756816646,0.48765274756816646,1.0,0.48765274756816646,0.48765274756816646,0.37790068085871686,0.48765274756816646,0.16194366843281494,0.48765274756816646,0.16194366843281494,1.0,0.16194366843281494,0.21791478429597097,0.17486344540526857,0.37790068085871686,0.16194366843281494,0.37790068085871686,0.48765274756816646
PGR,0.3839912726549762,0.3839912726549762,0.3839912726549762,1.0,0.16726376712609844,0.10370688914253177,0.6229137977557434,0.3839912726549762,0.26323483265808606,0.16726376712609844,0.26323483265808606,0.6229137977557434,0.26323483265808606,0.26323483265808606,0.26323483265808606,0.6229137977557434,0.26323483265808606,0.6229137977557434,0.16726376712609844
PHF3,0.5009404983137412,0.5009404983137412,0.5009404983137412,1.0,0.5009404983137412,0.5009404983137412,0.3632305668126998,0.5009404983137412,0.07428900053777666,0.5009404983137412,0.08381047137206966,1.0,0.17363473343725835,0.20464362941525122,0.16027926307674004,0.3632305668126998,0.08381047137206966,0.3632305668126998,0.5009404983137412
PICALM,0.49193104812391003,0.49193104812391003,0.49193104812391003,1.0,0.49193104812391003,0.49193104812391003,0.37062236882789,0.49193104812391003,0.09021684397337539,0.49193104812391003,0.09021684397337539,1.0,0.14615426477518376,0.20757086805614294,0.17075000364831738,0.37062236882789,0.09021684397337539,0.37062236882789,0.49193104812391003
PIGT,0.3876920836133065,0.3876920836133065,0.3876920836133065,1.0,0.16975149708128298,0.1334561007174635,0.6212537648209008,0.3876920836133065,0.25592933867068707,0.16975149708128298,0.25592933867068707,0.6212537648209008,0.25592933867068707,0.25592933867068707,0.25592933867068707,0.6212537648209008,0.25592933867068707,0.6212537648209008,0.16975149708128298
PIK3R1,0.504043260259351,0.504043260259351,0.504043260259351,1.0,0.504043260259351,0.504043260259351,0.3590066034216512,0.504043260259351,0.06073715745724798,0.504043260259351,0.08253678346700645,1.0,0.1756973338049182,0.20160056645325017,0.16240556463551653,0.3590066034216512,0.08253678346700645,0.3590066034216512,0.504043260259351
PIM3,0.28116905100305334,0.28116905100305334,0.28116905100305334,1.0,0.16918098615635363,0.11176129740572704,0.48701533779497386,0.28116905100305334,0.48701533779497386,0.16918098615635363,0.48701533779497386,1.0,0.48701533779497386,0.48701533779497386,0.48701533779497386,0.48701533779497386,0.48701533779497386,0.48701533779497386,0.16918098615635363
PIP,1.0,1.0,1.0,0.6906517378563188,1.0,1.0,1.0,1.0,1.0,1.0,1.0,0.2595607644686189,1.0,1.0,1.0,1.0,1.0,1.0,1.0
PJA2,0.5016039158320459,0.5016039158320459,0.5016039158320459,1.0,0.5016039158320459,0.5016039158320459,0.3624290639703918,0.5016039158320459,0.06758830107900288,0.5016039158320459,0.0792879774369687,1.0,0.17286263059943097,0.20358621313201064,0.16003308289364285,0.3624290639703918,0.0792879774369687,0.3624290639703918,0.5016039158320459
PKM,0.27534445021029785,0.27534445021029785,0.27534445021029785,1.0,0.16593537115981868,0.09909500025799212,0.4889795742838388,0.27534445021029785,0.4889795742838388,0.16593537115981868,0.4889795742838388,1.0,0.4889795742838388,0.4889795742838388,0.4889795742838388,0.4889795742838388,0.4889795742838388,0.4889795742838388,0.16593537115981868
PLAT,0.2637557635381815,0.2637557635381815,0.2637557635381815,1.0,0.17057815207724386,0.11308054641794348,0.493499244942028,0.2637557635381815,0.493499244942028,0.17057815207724386,0.493499244942028,1.0,0.493499244942028,0.493499244942028,0.493499244942028,0.493499244942028,0.493499244942028,0.493499244942028,0.17057815207724386
PLEC,0.4860104741280466,0.4860104741280466,0.4860104741280466,1.0,0.4860104741280466,0.4860104741280466,0.3768177869632744,0.4860104741280466,0.14512075577655492,0.4860104741280466,0.14512075577655492,1.0,0.12050116076429128,0.2140477084211569,0.17416316479350918,0.3768177869632744,0.14512075577655492,0.3768177869632744,0.4860104741280466
PLEKHF2,0.3857707051697379,0.3857707051697379,0.3857707051697379,1.0,0.1662272276483362,0.11372216773429852,0.6220118808923318,0.3857707051697379,0.25924792487428705,0.1662272276483362,0.25924792487428705,0.6220118808923318,0.25924792487428705,0.25924792487428705,0.25924792487428705,0.6220118808923318,0.25924792487428705,0.6220118808923318,0.1662272276483362
PLPP3,0.5042382634708453,0.5042382634708453,0.5042382634708453,1.0,0.5042382634708453,0.5042382634708453,0.3590158384165723,0.5042382634708453,0.06265979804232508,0.5042382634708453,0.07434031475153705,1.0,0.1728036202935775,0.20009304981073642,0.16213891740266445,0.3590158384165723,0.054541283699082156,0.3590158384165723,0.5042382634708453
PMP22,0.2728449718367009,0.2728449718367009,0.2728449718367009,1.0,0.15658013166549803,0.10820583141327364,0.4891911566280316,0.2728449718367009,0.4891911566280316,0.15658013166549803,0.4891911566280316,1.0,0.4891911566280316,0.4891911566280316,0.4891911566280316,0.4891911566280316,0.4891911566280316,0.4891911566280316,0.15658013166549803
PNRC1,0.49261358045007664,0.49261358045007664,0.49261358045007664,1.0,0.49261358045007664,0.49261358045007664,0.3696865601481436,0.49261358045007664,0.08942399172088826,0.49261358045007664,0.08942399172088826,1.0,0.14803813124768467,0.20708472723519955,0.17064108708085443,0.3696865601481436,0.08942399172088826,0.3696865601481436,0.49261358045007664
POGZ,0.48771920527373525,0.48771920527373525,0.48771920527373525,1.0,0.48771920527373525,0.48771920527373525,0.37637444017887167,0.48771920527373525,0.14306711320159385,0.48771920527373525,0.14306711320159385,1.0,0.15184836461443357,0.2150048224180654,0.17363234247105172,0.37637444017887167,0.14306711320159385,0.37637444017887167,0.48771920527373525
POLR2K,0.38918434444552524,0.38918434444552524,0.38918434444552524,1.0,0.25864690362948173,0.25864690362948173,0.6208221559793812,0.38918434444552524,0.15988989607987525,0.25864690362948173,0.15988989607987525,0.6208221559793812,0.1268153519932846,0.20439903896611913,0.15988989607987525,0.6208221559793812,0.15988989607987525,0.6208221559793812,0.25864690362948173
POSTN,0.13855941699813523,0.13855941699813523,0.13855941699813523,1.0,0.2575925881337289,0.2575925881337289,0.5037843514993585,0.09027865013093397,0.5037843514993585,0.2575925881337289,0.5037843514993585,1.0,0.5037843514993585,0.5037843514993585,0.5037843514993585,0.5037843514993585,0.5037843514993585,0.5037843514993585,0.2575925881337289
PPM1A,0.4862255606827062,0.4862255606827062,0.4862255606827062,1.0,0.4862255606827062,0.4862255606827062,0.3778034493289656,0.4862255606827062,0.1522515140142491,0.4862255606827062,0.1522515140142491,1.0,0.14265171422162104,0.21633050486603198,0.1743938692559846,0.3778034493289656,0.1522515140142491,0.3778034493289656,0.4862255606827062
PPP1R9B,0.38338237269208103,0.38338237269208103,0.38338237269208103,1.0,0.15402196064817478,0.11157297008500722,0.6227327842823859,0.38338237269208103,0.2606775294490809,0.15402196064817478,0.2606775294490809,0.6227327842823859,0.2606775294490809,0.2606775294490809,0.2606775294490809,0.6227327842823859,0.2606775294490809,0.6227327842823859,0.15402196064817478
PPP3R1,0.48482377445336367,0.48482377445336367,0.48482377445336367,1.0,0.48482377445336367,0.48482377445336367,0.37883754556635774,0.48482377445336367,0.15261774885191423,0.48482377445336367,0.15261774885191423,1.0,0.12238998465996213,0.2163654159588178,0.17511950588329486,0.37883754556635774,0.15261774885191423,0.37883754556635774,0.48482377445336367
PRDX2,0.490241517769978,0.490241517769978,0.490241517769978,1.0,0.490241517769978,0.490241517769978,0.3749902500061666,0.490241517769978,0.13822934739131404,0.490241517769978,0.13822934739131404,1.0,0.15497208700651322,0.21451314937199037,0.1727692926730975,0.3749902500061666,0.13822934739131404,0.3749902500061666,0.490241517769978
PREX1,0.5072175627072751,0.5072175627072751,0.5072175627072751,1.0,0.5072175627072751,0.5072175627072751,0.36191758118012474,0.5072175627072751,0.13871726607729587,0.5072175627072751,0.13871726607729587,1.0,0.1862174017395273,0.209694590099944,0.16714930339456277,0.36191758118012474,0.13871726607729587,0.36191758118012474,0.5072175627072751
PRKAR1A,0.389503328083931,0.389503328083931,0.389503328083931,1.0,0.2588080447616903,0.2588080447616903,0.6206845634941792,0.389503328083931,0.14836510453054033,0.2588080447616903,0.14836510453054033,0.6206845634941792,0.12598356586359988,0.20382135110824495,0.1646730562053596,0.6206845634941792,0.14836510453054033,0.6206845634941792,0.2588080447616903
PRNP,0.507482885191897,0.507482885191897,0.507482885191897,1.0,0.507482885191897,0.507482885191897,0.35562134633095044,0.507482885191897,0.07307003751889443,0.507482885191897,0.08195375996486601,1.0,0.17672793546945811,0.19849378245800106,0.1664990283459193,0.35562134633095044,0.08195375996486601,0.35562134633095044,0.507482885191897
PRPF19,0.25021257919260526,0.25021257919260526,0.25021257919260526,1.0,0.1815486486264004,0.14946087760664584,0.49889380522240606,0.25021257919260526,0.49889380522240606,0.1815486486264004,0.49889380522240606,1.0,0.49889380522240606,0.49889380522240606,0.49889380522240606,0.49889380522240606,0.49889380522240606,0.49889380522240606,0.1815486486264004
PRPF38B,0.48681884240063333,0.48681884240063333,0.48681884240063333,1.0,0.48681884240063333,0.48681884240063333,0.37642650530807215,0.48681884240063333,0.14597668527000854,0.48681884240063333,0.14597668527000854,1.0,0.13127254132759814,0.2142014850108685,0.17393733273958153,0.37642650530807215,0.14597668527000854,0.37642650530807215,0.48681884240063333
PRPF6,0.4929622730021332,0.4929622730021332,0.4929622730021332,1.0,0.4929622730021332,0.4929622730021332,0.37092543719738025,0.4929622730021332,0.10072767000071955,0.4929622730021332,0.10072767000071955,1.0,0.1508327028146448,0.2094149292377965,0.16978624352963784,0.37092543719738025,0.10072767000071955,0.37092543719738025,0.4929622730021332
PRPF8,0.4958634293095568,0.4958634293095568,0.4958634293095568,1.0,0.4958634293095568,0.4958634293095568,0.3671747966335052,0.4958634293095568,0.08199643179849515,0.4958634293095568,0.08199643179849515,1.0,0.15388382970779269,0.20571029636061616,0.16962744344359684,0.3671747966335052,0.08199643179849515,0.3671747966335052,0.4958634293095568
PRRC2A,0.49227252593978216,0.49227252593978216,0.49227252593978216,1.0,0.49227252593978216,0.49227252593978216,0.3712717210200865,0.49227252593978216,0.10848510241744654,0.49227252593978216,0.10848510241744654,1.0,0.15270575976696069,0.2098052726777408,0.1708674024255624,0.3712717210200865,0.10848510241744654,0.3712717210200865,0.49227252593978216
PSAP,0.3901833846090831,0.3901833846090831,0.3901833846090831,1.0,0.2584874111190053,0.2584874111190053,0.6204264595795541,0.3901833846090831,0.1452136423651657,0.2584874111190053,0.1452136423651657,0.6204264595795541,0.12237070589730129,0.20245281800870119,0.1645611098211493,0.6204264595795541,0.1452136423651657,0.6204264595795541,0.2584874111190053
PSMB4,0.4855766506903382,0.4855766506903382,0.4855766506903382,1.0,0.4855766506903382,0.4855766506903382,0.37924920535678064,0.4855766506903382,0.15810731962647753,0.4855766506903382,0.15810731962647753,1.0,0.15028001864810736,0.2181098824510314,0.17602193198294627,0.37924920535678064,0.15810731962647753,0.37924920535678064,0.4855766506903382
PSMB5,0.28075859138554293,0.28075859138554293,0.28075859138554293,1.0,0.17068721405117207,0.10558071787161177,0.48730144954837634,0.28075859138554293,0.48730144954837634,0.17068721405117207,0.48730144954837634,1.0,0.48730144954837634,0.48730144954837634,0.48730144954837634,0.48730144954837634,0.48730144954837634,0.48730144954837634,0.17068721405117207
PSMG2,0.3891168854910509,0.3891168854910509,0.3891168854910509,1.0,0.2578669715364109,0.2578669715364109,0.6208364902033607,0.3891168854910509,0.1491068401492064,0.2578669715364109,0.1491068401492064,0.6208364902033607,0.12106219303624453,0.20387070611955668,0.16535580085570428,0.6208364902033607,0.1491068401492064,0.6208364902033607,0.2578669715364109
PTMA,0.38275829535990735,0.38275829535990735,0.38275829535990735,1.0,0.1504960316487101,0.10315658875312864,0.6230834502193601,0.38275829535990735,0.26129847964936853,0.1504960316487101,0.26129847964936853,0.6230834502193601,0.26129847964936853,0.26129847964936853,0.26129847964936853,0.6230834502193601,0.26129847964936853,0.6230834502193601,0.1504960316487101
PTPN12,0.4850772127473937,0.4850772127473937,0.4850772127473937,1.0,0.4850772127473937,0.4850772127473937,0.3782903264443589,0.4850772127473937,0.15175005222227142,0.4850772127473937,0.15175005222227142,1.0,0.12904843201315078,0.21619023069161103,0.17506788468827866,0.3782903264443589,0.15175005222227142,0.3782903264443589,0.4850772127473937
PTTG1IP,0.4853820821269207,0.4853820821269207,0.4853820821269207,1.0,0.4853820821269207,0.4853820821269207,0.3783314436400017,0.4853820821269207,0.1499937899842611,0.4853820821269207,0.1499937899842611,1.0,0.12297352927813204,0.2160807774015993,0.17464278658535562,0.3783314436400017,0.1499937899842611,0.3783314436400017,0.4853820821269207
PUM2,0.38934418617250605,0.38934418617250605,0.38934418617250605,1.0,0.258678280737213,0.258678280737213,0.620703879317326,0.38934418617250605,0.14940874346891828,0.258678280737213,0.14940874346891828,0.620703879317326,0.1281097761638513,0.20398500647095402,0.16524452832992997,0.620703879317326,0.14940874346891828,0.620703879317326,0.258678280737213
RAB11A,0.38289797105381984,0.38289797105381984,0.38289797105381984,1.0,0.16001455175278498,0.1037163235158507,0.6229919204725248,0.38289797105381984,0.26266446287927875,0.16001455175278498,0.26266446287927875,0.6229919204725248,0.26266446287927875,0.26266446287927875,0.26266446287927875,0.6229919204725248,0.26266446287927875,0.6229919204725248,0.16001455175278498
RAB11FIP1,0.49040584981525115,0.49040584981525115,0.49040584981525115,1.0,0.49040584981525115,0.49040584981525115,0.374715368016486,0.49040584981525115,0.13878923145354377,0.49040584981525115,0.13878923145354377,1.0,0.15601436940959532,0.21423965317213908,0.17228959992257323,0.374715368016486,0.13878923145354377,0.374715368016486,0.49040584981525115
RAB18,0.4866202206415929,0.4866202206415929,0.4866202206415929,1.0,0.4866202206415929,0.4866202206415929,0.3786394035994474,0.4866202206415929,0.16335849268756455,0.4866202206415929,0.16335849268756455,1.0,0.16335849268756455,0.21819729336053256,0.17546083864782214,0.3786394035994474,0.16335849268756455,0.3786394035994474,0.4866202206415929
RAB1B,0.2805102049547037,0.2805102049547037,0.2805102049547037,1.0,0.17311431223783325,0.10692422906824092,0.4875304553328126,0.2805102049547037,0.4875304553328126,0.17311431223783325,0.4875304553328126,1.0,0.4875304553328126,0.4875304553328126,0.4875304553328126,0.4875304553328126,0.4875304553328126,0.4875304553328126,0.17311431223783325
RAB21,0.3886580148886943,0.3886580148886943,0.3886580148886943,1.0,0.25859732940821867,0.25859732940821867,0.6209136093714358,0.3886580148886943,0.1621638579207772,0.25859732940821867,0.1621638579207772,0.6209136093714358,0.130990264128591,0.20519013918020054,0.1621638579207772,0.6209136093714358,0.1621638579207772,0.6209136093714358,0.25859732940821867
RAB25,0.27835923662518347,0.27835923662518347,0.27835923662518347,1.0,0.1757869403472035,0.1051165582028876,0.48901735885378217,0.27835923662518347,0.48901735885378217,0.1757869403472035,0.48901735885378217,1.0,0.48901735885378217,0.48901735885378217,0.48901735885378217,0.48901735885378217,0.48901735885378217,0.48901735885378217,0.1757869403472035
RAB2A,0.4907675103283265,0.4907675103283265,0.4907675103283265,1.0,0.4907675103283265,0.4907675103283265,0.3735882269555132,0.4907675103283265,0.12754336820180084,0.4907675103283265,0.12754336820180084,1.0,0.15439254006250813,0.21269949022578072,0.17185034748388714,0.3735882269555132,0.12754336820180084,0.3735882269555132,0.4907675103283265
RAB5B,0.4936632222054193,0.4936632222054193,0.4936632222054193,1.0,0.4936632222054193,0.4936632222054193,0.3695704312576174,0.4936632222054193,0.09196698993723997,0.4936632222054193,0.09196698993723997,1.0,0.1508624113191022,0.2078462569180078,0.1695415422624508,0.3695704312576174,0.09196698993723997,0.3695704312576174,0.4936632222054193
RAB7A,0.38759187120049365,0.38759187120049365,0.38759187120049365,1.0,0.25716970198758243,0.25716970198758243,0.6212990307428831,0.38759187120049365,0.16493177361353856,0.25716970198758243,0.16493177361353856,0.6212990307428831,0.1266214621077786,0.2061198316875209,0.16493177361353856,0.6212990307428831,0.16493177361353856,0.6212990307428831,0.25716970198758243
RABEP1,0.4987717498674142,0.4987717498674142,0.4987717498674142,1.0,0.4987717498674142,0.4987717498674142,0.36657964286413786,0.4987717498674142,0.1077757342026148,0.4987717498674142,0.1077757342026148,1.0,0.1740695577599348,0.20845416762625715,0.1610473994083502,0.36657964286413786,0.1077757342026148,0.36657964286413786,0.4987717498674142
RABGAP1,0.3885006347559904,0.3885006347559904,0.3885006347559904,1.0,0.2582926080127553,0.2582926080127553,0.6210497538017355,0.3885006347559904,0.16288274710782985,0.2582926080127553,0.16288274710782985,0.6210497538017355,0.13089481878714007,0.2055370335282342,0.16288274710782985,0.6210497538017355,0.16288274710782985,0.6210497538017355,0.2582926080127553
RACK1,0.5255378311447761,0.5255378311447761,0.5255378311447761,1.0,0.5255378311447761,0.5255378311447761,0.14109191618788836,0.5255378311447761,0.34387689479995337,0.5255378311447761,0.34387689479995337,1.0,0.34387689479995337,0.34387689479995337,0.34387689479995337,0.2493248104854447,0.34387689479995337,0.16863604359076417,0.5255378311447761
RAN,0.3891349641995957,0.3891349641995957,0.3891349641995957,1.0,0.2578192827916333,0.2578192827916333,0.6208666728665748,0.3891349641995957,0.14863199182523676,0.2578192827916333,0.14863199182523676,0.6208666728665748,0.11923125119279111,0.2038599522882215,0.1652281345492331,0.6208666728665748,0.14863199182523676,0.6208666728665748,0.2578192827916333
RANBP2,0.49216867921752394,0.49216867921752394,0.49216867921752394,1.0,0.49216867921752394,0.49216867921752394,0.37137716826712946,0.49216867921752394,0.10562075639886692,0.49216867921752394,0.10562075639886692,1.0,0.1514057081073893,0.20992737055250277,0.17050524885418206,0.37137716826712946,0.10562075639886692,0.37137716826712946,0.49216867921752394
RANBP9,0.49032812733433273,0.49032812733433273,0.49032812733433273,1.0,0.49032812733433273,0.49032812733433273,0.3739241659478634,0.49032812733433273,0.1264670495019445,0.49032812733433273,0.1264670495019445,1.0,0.15258660712099828,0.21286708184112446,0.17205245690453483,0.3739241659478634,0.1264670495019445,0.3739241659478634,0.49032812733433273
RASSF3,0.2615918010296782,0.2615918010296782,0.2615918010296782,1.0,0.17009797936128473,0.11158747741755375,0.4943182091395681,0.2615918010296782,0.4943182091395681,0.17009797936128473,0.4943182091395681,1.0,0.4943182091395681,0.4943182091395681,0.4943182091395681,0.4943182091395681,0.4943182091395681,0.4943182091395681,0.17009797936128473
RBM33,0.4894944820477117,0.4894944820477117,0.4894944820477117,1.0,0.4894944820477117,0.4894944820477117,0.3736080755044604,0.4894944820477117,0.11949575778145793,0.4894944820477117,0.11949575778145793,1.0,0.14863181452117974,0.21181181810290883,0.1718966735369818,0.3736080755044604,0.11949575778145793,0.3736080755044604,0.4894944820477117
REEP5,0.5072406237854663,0.5072406237854663,0.5072406237854663,1.0,0.5072406237854663,0.5072406237854663,0.35943651509943564,0.5072406237854663,0.1226929101075046,0.5072406237854663,0.1226929101075046,1.0,0.18464392421116532,0.20635736194363002,0.16679903274572988,0.35943651509943564,0.1226929101075046,0.35943651509943564,0.5072406237854663
RER1,0.4933568760221672,0.4933568760221672,0.4933568760221672,1.0,0.4933568760221672,0.4933568760221672,0.3708033850438703,0.4933568760221672,0.10491142411910696,0.4933568760221672,0.10491142411910696,1.0,0.1532820075374173,0.20970065262490697,0.1700776992252584,0.3708033850438703,0.10491142411910696,0.3708033850438703,0.4933568760221672
RHOH,0.26864514927337046,0.26864514927337046,0.26864514927337046,1.0,0.16979328718362532,0.10725140590479677,0.49223878935270377,0.26864514927337046,0.49223878935270377,0.16979328718362532,0.49223878935270377,1.0,0.49223878935270377,0.49223878935270377,0.49223878935270377,0.49223878935270377,0.49223878935270377,0.49223878935270377,0.16979328718362532
RNF10,0.38918538702228556,0.38918538702228556,0.38918538702228556,1.0,0.2579607808410196,0.2579607808410196,0.6208343769345706,0.38918538702228556,0.14782945599610056,0.2579607808410196,0.14782945599610056,0.6208343769345706,0.11569661189155812,0.20377195788649693,0.1649667823977201,0.6208343769345706,0.14782945599610056,0.6208343769345706,0.2579607808410196
RNF103,0.4913391679810586,0.4913391679810586,0.4913391679810586,1.0,0.4913391679810586,0.4913391679810586,0.3736988942652231,0.4913391679810586,0.13194976718239518,0.4913391679810586,0.13194976718239518,1.0,0.15655422347642034,0.21348113913354297,0.17207466637722935,0.3736988942652231,0.13194976718239518,0.3736988942652231,0.4913391679810586
RNF11,0.4966426250942063,0.4966426250942063,0.4966426250942063,1.0,0.4966426250942063,0.4966426250942063,0.3678806744241456,0.4966426250942063,0.09979108972352117,0.4966426250942063,0.09979108972352117,1.0,0.15956826773224927,0.20854858104287724,0.1701999683573475,0.3678806744241456,0.09979108972352117,0.3678806744241456,0.4966426250942063
RNF187,0.3873100602437821,0.3873100602437821,0.3873100602437821,1.0,0.16974348485836643,0.12656686999585445,0.6213923119849438,0.3873100602437821,0.2569398901692311,0.16974348485836643,0.2569398901692311,0.6213923119849438,0.2569398901692311,0.2569398901692311,0.2569398901692311,0.6213923119849438,0.2569398901692311,0.6213923119849438,0.16974348485836643
RNF7,0.48897695804218644,0.48897695804218644,0.48897695804218644,1.0,0.48897695804218644,0.48897695804218644,0.3753791020044973,0.48897695804218644,0.13604879006179746,0.48897695804218644,0.13604879006179746,1.0,0.15252890209726142,0.21432063337515544,0.17285751340417857,0.3753791020044973,0.13604879006179746,0.3753791020044973,0.48897695804218644
ROCK1,0.3854939447698189,0.3854939447698189,0.3854939447698189,1.0,0.156766518543745,0.11980411304515093,0.622117907646003,0.3854939447698189,0.2572031594866432,0.156766518543745,0.2572031594866432,0.622117907646003,0.2572031594866432,0.2572031594866432,0.2572031594866432,0.622117907646003,0.2572031594866432,0.622117907646003,0.156766518543745
RUNX1,0.3857316281982201,0.3857316281982201,0.3857316281982201,1.0,0.16442626836451543,0.11744421159074551,0.6218776050164894,0.3857316281982201,0.25908528347700877,0.16442626836451543,0.25908528347700877,0.6218776050164894,0.25908528347700877,0.25908528347700877,0.25908528347700877,0.6218776050164894,0.25908528347700877,0.6218776050164894,0.16442626836451543
S100A13,0.5113675884257687,0.5113675884257687,0.5113675884257687,1.0,0.5113675884257687,0.5113675884257687,0.3553575985549505,0.5113675884257687,0.1271860804402304,0.5113675884257687,0.1271860804402304,1.0,0.18766928817859943,0.2046733814597633,0.17011120903131838,0.3553575985549505,0.1271860804402304,0.3553575985549505,0.5113675884257687
SAP30BP,0.3875399642641201,0.3875399642641201,0.3875399642641201,1.0,0.17232808657137352,0.13000714286014206,0.621321012341636,0.3875399642641201,0.2573244839406825,0.17232808657137352,0.2573244839406825,0.621321012341636,0.2573244839406825,0.2573244839406825,0.2573244839406825,0.621321012341636,0.2573244839406825,0.621321012341636,0.17232808657137352
SAT1,0.4914517917799256,0.4914517917799256,0.4914517917799256,1.0,0.4914517917799256,0.4914517917799256,0.3726636092934043,0.4914517917799256,0.11958884332276007,0.4914517917799256,0.11958884332276007,1.0,0.15311669642163098,0.2115498953909707,0.1710673150329608,0.3726636092934043,0.11958884332276007,0.3726636092934043,0.4914517917799256
SCARB2,0.4862088986803493,0.4862088986803493,0.4862088986803493,1.0,0.4862088986803493,0.4862088986803493,0.3776978932046486,0.4862088986803493,0.15027634534852707,0.4862088986803493,0.15027634534852707,1.0,0.1363065528176013,0.21605141957372023,0.173871736824726,0.3776978932046486,0.15027634534852707,0.3776978932046486,0.4862088986803493
SCCPDH,0.4908019970125116,0.4908019970125116,0.4908019970125116,1.0,0.4908019970125116,0.4908019970125116,0.37470002464790136,0.4908019970125116,0.1416356598133787,0.4908019970125116,0.1416356598133787,1.0,0.15768469659516915,0.21441880114753922,0.1731563776494871,0.37470002464790136,0.1416356598133787,0.37470002464790136,0.4908019970125116
SCD,0.2718400785614421,0.2718400785614421,0.2718400785614421,1.0,0.1705531009574415,0.1273313555425658,0.490969124505894,0.2718400785614421,0.490969124505894,0.1705531009574415,0.490969124505894,1.0,0.490969124505894,0.490969124505894,0.490969124505894,0.490969124505894,0.490969124505894,0.490969124505894,0.1705531009574415
SCOC,0.3856264657123978,0.3856264657123978,0.3856264657123978,1.0,0.16586362158514556,0.11378091343477452,0.6220599559212757,0.3856264657123978,0.25914212705598205,0.16586362158514556,0.25914212705598205,0.6220599559212757,0.25914212705598205,0.25914212705598205,0.25914212705598205,0.6220599559212757,0.25914212705598205,0.6220599559212757,0.16586362158514556
SCP2,0.3880505508613457,0.3880505508613457,0.3880505508613457,1.0,0.2577091795526822,0.2577091795526822,0.6211798072867586,0.3880505508613457,0.1636755222892877,0.2577091795526822,0.1636755222892877,0.6211798072867586,0.12842631607982213,0.20577796133343795,0.1636755222892877,0.6211798072867586,0.1636755222892877,0.6211798072867586,0.2577091795526822
SCUBE2,0.27777752655003846,0.27777752655003846,0.27777752655003846,1.0,0.17632731826680206,0.10522069368819859,0.48901114932059025,0.27777752655003846,0.48901114932059025,0.17632731826680206,0.48901114932059025,1.0,0.48901114932059025,0.48901114932059025,0.48901114932059025,0.48901114932059025,0.48901114932059025,0.48901114932059025,0.17632731826680206
SDF4,0.48761717398566423,0.48761717398566423,0.48761717398566423,1.0,0.48761717398566423,0.48761717398566423,0.37589461910351346,0.48761717398566423,0.14216999179260065,0.48761717398566423,0.14216999179260065,1.0,0.12804806000043115,0.21373914751151632,0.17255471478751158,0.37589461910351346,0.14216999179260065,0.37589461910351346,0.48761717398566423
SELENOF,0.48822573631459504,0.48822573631459504,0.48822573631459504,1.0,0.48822573631459504,0.48822573631459504,0.37546990193971425,0.48822573631459504,0.12991048520791873,0.48822573631459504,0.12991048520791873,1.0,0.14817684087862465,0.21362181864327642,0.17236634044833007,0.37546990193971425,0.12991048520791873,0.37546990193971425,0.48822573631459504
SELENOS,0.3855299931920103,0.3855299931920103,0.3855299931920103,1.0,0.1647219200248217,0.11703662925990532,0.6220748053566506,0.3855299931920103,0.2590352888128722,0.1647219200248217,0.2590352888128722,0.6220748053566506,0.2590352888128722,0.2590352888128722,0.2590352888128722,0.6220748053566506,0.2590352888128722,0.6220748053566506,0.1647219200248217
SEPHS2,0.3835731738289074,0.3835731738289074,0.3835731738289074,1.0,0.16274132189931845,0.11045938501698692,0.6227361973983659,0.3835731738289074,0.2621753836896189,0.16274132189931845,0.2621753836896189,0.6227361973983659,0.2621753836896189,0.2621753836896189,0.2621753836896189,0.6227361973983659,0.2621753836896189,0.6227361973983659,0.16274132189931845
SERINC1,0.5007533380453523,0.5007533380453523,0.5007533380453523,1.0,0.5007533380453523,0.5007533380453523,0.36323494873859513,0.5007533380453523,0.0639160113274633,0.5007533380453523,0.07513932573890492,1.0,0.17077565954834634,0.20395130642621082,0.15899578494393882,0.36323494873859513,0.07513932573890492,0.36323494873859513,0.5007533380453523
SERPINA1,0.2609419409801631,0.2609419409801631,0.2609419409801631,1.0,0.17069442914584307,0.10467365161890627,0.4950260997823106,0.2609419409801631,0.4950260997823106,0.17069442914584307,0.4950260997823106,1.0,0.4950260997823106,0.4950260997823106,0.4950260997823106,0.4950260997823106,0.4950260997823106,0.4950260997823106,0.17069442914584307
SERPINB6,0.3888601511635363,0.3888601511635363,0.3888601511635363,1.0,0.2581543113805142,0.2581543113805142,0.620920076038548,0.3888601511635363,0.16077955477637926,0.2581543113805142,0.16077955477637926,0.620920076038548,0.12690980013036474,0.20455639215500915,0.16077955477637926,0.620920076038548,0.16077955477637926,0.620920076038548,0.2581543113805142
SFRP1,0.5273877274947854,0.5273877274947854,0.5273877274947854,1.0,0.5273877274947854,0.5273877274947854,0.09669460887939874,0.5273877274947854,0.34537000133177853,0.5273877274947854,0.34537000133177853,1.0,0.34537000133177853,0.34537000133177853,0.34537000133177853,0.23905386362462194,0.34537000133177853,0.14699393106123626,0.5273877274947854
SFRP4,0.38959948753563,0.38959948753563,0.38959948753563,1.0,0.18781541542609237,0.18781541542609237,0.6235299027586804,0.38959948753563,0.2622466418427359,0.18781541542609237,0.2622466418427359,0.6235299027586804,0.09597394495668464,0.2622466418427359,0.2622466418427359,0.6235299027586804,0.2622466418427359,0.6235299027586804,0.18781541542609237
SH3BGRL,0.5017390755737628,0.5017390755737628,0.5017390755737628,1.0,0.5017390755737628,0.5017390755737628,0.361251651420144,0.5017390755737628,0.05397253629498554,0.5017390755737628,0.06862044476738496,1.0,0.15829917786591313,0.20050318876960863,0.17109323879035232,0.361251651420144,0.06862044476738496,0.361251651420144,0.5017390755737628
SH3BP5,0.503424778100879,0.503424778100879,0.503424778100879,1.0,0.503424778100879,0.503424778100879,0.36025161316127013,0.503424778100879,0.0637191905960343,0.503424778100879,0.07386333235695507,1.0,0.17152680394865827,0.20112544100842727,0.16091557669231676,0.36025161316127013,0.05633178291329495,0.36025161316127013,0.503424778100879
SHROOM3,0.28168566721292015,0.28168566721292015,0.28168566721292015,1.0,0.18137860233584285,0.10672155004513387,0.4882497828905056,0.28168566721292015,0.4882497828905056,0.18137860233584285,0.4882497828905056,1.0,0.4882497828905056,0.4882497828905056,0.4882497828905056,0.4882497828905056,0.4882497828905056,0.4882497828905056,0.18137860233584285
SIGLEC1,0.39059019155899627,0.39059019155899627,0.39059019155899627,1.0,0.1631788707339826,0.1868162679963351,0.6224721170505273,0.39059019155899627,0.2592606410170177,0.1631788707339826,0.2592606410170177,0.6224721170505273,0.08094931231402346,0.2592606410170177,0.2592606410170177,0.6224721170505273,0.2592606410170177,0.6224721170505273,0.1631788707339826
SKI,0.504605775788065,0.504605775788065,0.504605775788065,1.0,0.504605775788065,0.504605775788065,0.3591146378331677,0.504605775788065,0.06222604257452925,0.504605775788065,0.07635989713125174,1.0,0.17491553901590554,0.20134688649512703,0.16235628766389557,0.3591146378331677,0.07635989713125174,0.3591146378331677,0.504605775788065
SLC35F5,0.48937572331655765,0.48937572331655765,0.48937572331655765,1.0,0.48937572331655765,0.48937572331655765,0.37515568034739954,0.48937572331655765,0.13776384889140353,0.48937572331655765,0.13776384889140353,1.0,0.15415014226459528,0.2143655140768816,0.1730990070639347,0.37515568034739954,0.13776384889140353,0.37515568034739954,0.48937572331655765
SLC39A11,0.3833974351975198,0.3833974351975198,0.3833974351975198,1.0,0.1677524189232299,0.10933228852404252,0.6228725573074866,0.3833974351975198,0.26400001618906616,0.1677524189232299,0.26400001618906616,0.6228725573074866,0.26400001618906616,0.26400001618906616,0.26400001618906616,0.6228725573074866,0.26400001618906616,0.6228725573074866,0.1677524189232299
SLC39A6,0.2611988580834567,0.2611988580834567,0.2611988580834567,1.0,0.17478363757491494,0.11930123145102883,0.4950454567096431,0.2611988580834567,0.4950454567096431,0.17478363757491494,0.4950454567096431,1.0,0.4950454567096431,0.4950454567096431,0.4950454567096431,0.4950454567096431,0.4950454567096431,0.4950454567096431,0.17478363757491494
SLC39A7,0.4978189730993056,0.4978189730993056,0.4978189730993056,1.0,0.4978189730993056,0.4978189730993056,0.3673988601037588,0.4978189730993056,0.10666622906168052,0.4978189730993056,0.10666622906168052,1.0,0.1726442732116212,0.20865529884649878,0.1605011224973465,0.3673988601037588,0.10666622906168052,0.3673988601037588,0.4978189730993056
SLC40A1,0.4905952525734329,0.4905952525734329,0.4905952525734329,1.0,0.4905952525734329,0.4905952525734329,0.3718954231967439,0.4905952525734329,0.11502075768210597,0.4905952525734329,0.11502075768210597,1.0,0.15064180591752688,0.2098119516878156,0.17383027174957352,0.3718954231967439,0.11502075768210597,0.3718954231967439,0.4905952525734329
SLC44A1,0.3896987965952061,0.3896987965952061,0.3896987965952061,1.0,0.25852529786551376,0.25852529786551376,0.6205199428494315,0.3896987965952061,0.14680078915272796,0.25852529786551376,0.14680078915272796,0.6205199428494315,0.12439950567604952,0.20315802196782576,0.16510754481705386,0.6205199428494315,0.14680078915272796,0.6205199428494315,0.25852529786551376
SLC7A2,0.5017973775402723,0.5017973775402723,0.5017973775402723,1.0,0.5017973775402723,0.5017973775402723,0.36413096514468196,0.5017973775402723,0.11120400953961804,0.5017973775402723,0.11120400953961804,1.0,0.17770079943922146,0.20724463472281796,0.16281172210810352,0.36413096514468196,0.11120400953961804,0.36413096514468196,0.5017973775402723
SMAD2,0.27688378491580484,0.27688378491580484,0.27688378491580484,1.0,0.15984260254255664,0.09624373888682411,0.4879217797274753,0.27688378491580484,0.4879217797274753,0.15984260254255664,0.4879217797274753,1.0,0.4879217797274753,0.4879217797274753,0.4879217797274753,0.4879217797274753,0.4879217797274753,0.4879217797274753,0.15984260254255664
SMARCA2,0.49010978291223917,0.49010978291223917,0.49010978291223917,1.0,0.49010978291223917,0.49010978291223917,0.3728557667020337,0.49010978291223917,0.10940101996548122,0.49010978291223917,0.10940101996548122,1.0,0.14683678954131937,0.21043518533246264,0.17070656113185625,0.3728557667020337,0.10940101996548122,0.3728557667020337,0.49010978291223917
SMARCA5,0.48437601697007515,0.48437601697007515,0.48437601697007515,1.0,0.48437601697007515,0.48437601697007515,0.3793183854211914,0.48437601697007515,0.15646661260259162,0.48437601697007515,0.15646661260259162,1.0,0.1357906430823957,0.2174369844700936,0.17607511366091066,0.3793183854211914,0.15646661260259162,0.3793183854211914,0.48437601697007515
SMIM14,0.38768118221555925,0.38768118221555925,0.38768118221555925,1.0,0.17771162259254988,0.13121803355951742,0.6213442253117291,0.38768118221555925,0.25831109006583286,0.17771162259254988,0.25831109006583286,0.6213442253117291,0.25831109006583286,0.25831109006583286,0.25831109006583286,0.6213442253117291,0.25831109006583286,0.6213442253117291,0.17771162259254988
SND1,0.4865514621982533,0.4865514621982533,0.4865514621982533,1.0,0.4865514621982533,0.4865514621982533,0.37775555447970116,0.4865514621982533,0.15195711366190753,0.4865514621982533,0.15195711366190753,1.0,0.14361437461946994,0.21639477032940885,0.17445469369246977,0.37775555447970116,0.15195711366190753,0.37775555447970116,0.4865514621982533
SNX1,0.4879968843995989,0.4879968843995989,0.4879968843995989,1.0,0.4879968843995989,0.4879968843995989,0.37522175190462187,0.4879968843995989,0.1391537626728354,0.4879968843995989,0.1391537626728354,1.0,0.12126441508189811,0.21289757142182536,0.17216066023715482,0.37522175190462187,0.1391537626728354,0.37522175190462187,0.4879968843995989
SNX2,0.4944991999279362,0.4944991999279362,0.4944991999279362,1.0,0.4944991999279362,0.4944991999279362,0.3688787107989529,0.4944991999279362,0.08668086620183377,0.4944991999279362,0.08668086620183377,1.0,0.1514442117035709,0.2071032340186032,0.16939008863700625,0.3688787107989529,0.08668086620183377,0.3688787107989529,0.4944991999279362
SON,0.3892077754615733,0.3892077754615733,0.3892077754615733,1.0,0.2580932141145841,0.2580932141145841,0.6208108525989355,0.3892077754615733,0.14904203311324174,0.2580932141145841,0.14904203311324174,0.6208108525989355,0.12309385592592004,0.20395490310065464,0.16539736686757622,0.6208108525989355,0.14904203311324174,0.6208108525989355,0.2580932141145841
SOSTDC1,0.28627111100686675,0.28627111100686675,0.28627111100686675,1.0,0.18438946187974473,0.08425001338003259,0.4904990787936694,0.28627111100686675,0.4904990787936694,0.18438946187974473,0.4904990787936694,1.0,0.4904990787936694,0.4904990787936694,0.4904990787936694,0.4904990787936694,0.4904990787936694,0.4904990787936694,0.18438946187974473
SOX4,0.3892398060681426,0.3892398060681426,0.3892398060681426,1.0,0.1728167058516668,0.13439017277688525,0.6207805351617862,0.3892398060681426,0.2545832851423591,0.1728167058516668,0.2545832851423591,0.6207805351617862,0.2545832851423591,0.2545832851423591,0.2545832851423591,0.6207805351617862,0.2545832851423591,0.6207805351617862,0.1728167058516668
SPAG9,0.3874206302868078,0.3874206302868078,0.3874206302868078,1.0,0.16850836327086308,0.12985571663859893,0.6213700927627113,0.3874206302868078,0.256168140186453,0.16850836327086308,0.256168140186453,0.6213700927627113,0.256168140186453,0.256168140186453,0.256168140186453,0.6213700927627113,0.256168140186453,0.6213700927627113,0.16850836327086308
SPATA20,0.2667622708853552,0.2667622708853552,0.2667622708853552,1.0,0.16651579821090376,0.1048663526202568,0.49222131424738247,0.2667622708853552,0.49222131424738247,0.16651579821090376,0.49222131424738247,1.0,0.49222131424738247,0.49222131424738247,0.49222131424738247,0.49222131424738247,0.49222131424738247,0.49222131424738247,0.16651579821090376
SPINT1,0.39053751562873756,0.39053751562873756,0.39053751562873756,1.0,0.18620108324495827,0.14574851692317703,0.6205260861108419,0.39053751562873756,0.2564559633929022,0.18620108324495827,0.2564559633929022,0.6205260861108419,0.2564559633929022,0.2564559633929022,0.2564559633929022,0.6205260861108419,0.2564559633929022,0.6205260861108419,0.18620108324495827
SPRY1,0.5179789472788618,0.5179789472788618,0.5179789472788618,1.0,0.5179789472788618,0.5179789472788618,0.15297422602320426,0.5179789472788618,0.32614127596056197,0.5179789472788618,0.32614127596056197,1.0,0.32614127596056197,0.32614127596056197,0.32614127596056197,0.2640018116679169,0.32614127596056197,0.162098784109941,0.5179789472788618
SPTAN1,0.4893135096994681,0.4893135096994681,0.4893135096994681,1.0,0.4893135096994681,0.4893135096994681,0.374596527107512,0.4893135096994681,0.1228082118688058,0.4893135096994681,0.1228082118688058,1.0,0.14909848745078877,0.21295216240284245,0.17087917915533185,0.374596527107512,0.1228082118688058,0.374596527107512,0.4893135096994681
SPTBN1,0.48977159483627936,0.48977159483627936,0.48977159483627936,1.0,0.48977159483627936,0.48977159483627936,0.37348030037770286,0.48977159483627936,0.10659556929792958,0.48977159483627936,0.10659556929792958,1.0,0.14454757362921408,0.21115914658645005,0.1701665703786039,0.37348030037770286,0.10659556929792958,0.37348030037770286,0.48977159483627936
SQSTM1,0.4945775125492692,0.4945775125492692,0.4945775125492692,1.0,0.4945775125492692,0.4945775125492692,0.3695944554824381,0.4945775125492692,0.1013301139972618,0.4945775125492692,0.1013301139972618,1.0,0.15521668932557953,0.20873431716363017,0.16986123621422897,0.3695944554824381,0.1013301139972618,0.3695944554824381,0.4945775125492692
SRP68,0.3867174651914112,0.3867174651914112,0.3867174651914112,1.0,0.17089972624908714,0.1250559011864494,0.6216042597178982,0.3867174651914112,0.25842604152079424,0.17089972624908714,0.25842604152079424,0.6216042597178982,0.25842604152079424,0.25842604152079424,0.25842604152079424,0.6216042597178982,0.25842604152079424,0.6216042597178982,0.17089972624908714
SRP9,0.3849975599577225,0.3849975599577225,0.3849975599577225,1.0,0.16495365728928077,0.11674982114467411,0.6222203443896024,0.3849975599577225,0.2598144385709603,0.16495365728928077,0.2598144385709603,0.6222203443896024,0.2598144385709603,0.2598144385709603,0.2598144385709603,0.6222203443896024,0.2598144385709603,0.6222203443896024,0.16495365728928077
SRPRA,0.5093371979575155,0.5093371979575155,0.5093371979575155,1.0,0.5093371979575155,0.5093371979575155,0.356984590641434,0.5093371979575155,0.1254658661484654,0.5093371979575155,0.1254658661484654,1.0,0.1865757514607081,0.20489422303673022,0.16898924533881296,0.356984590641434,0.1254658661484654,0.356984590641434,0.5093371979575155
SRPX,0.5256256302188594,0.5256256302188594,0.5256256302188594,1.0,0.5256256302188594,0.5256256302188594,0.12472348326169291,0.5256256302188594,0.3425721926662882,0.5256256302188594,0.3425721926662882,1.0,0.3425721926662882,0.3425721926662882,0.3425721926662882,0.27610010920197586,0.3425721926662882,0.1904764887757067,0.5256256302188594
SRSF2,0.38607731497188397,0.38607731497188397,0.38607731497188397,1.0,0.1624996227255454,0.12251096130237503,0.6218099535294872,0.38607731497188397,0.25748630441554127,0.1624996227255454,0.25748630441554127,0.6218099535294872,0.25748630441554127,0.25748630441554127,0.25748630441554127,0.6218099535294872,0.25748630441554127,0.6218099535294872,0.1624996227255454
SRSF3,0.4873157517632213,0.4873157517632213,0.4873157517632213,1.0,0.4873157517632213,0.4873157517632213,0.376323968496804,0.4873157517632213,0.14596582241963116,0.4873157517632213,0.14596582241963116,1.0,0.1363781326403724,0.21435774717305872,0.17366585822904154,0.376323968496804,0.14596582241963116,0.376323968496804,0.4873157517632213
SRSF4,0.4895270762400252,0.4895270762400252,0.4895270762400252,1.0,0.4895270762400252,0.4895270762400252,0.373632574242301,0.4895270762400252,0.11615308064648915,0.4895270762400252,0.11615308064648915,1.0,0.14761811507307282,0.21144631321376095,0.17136152572516414,0.373632574242301,0.11615308064648915,0.373632574242301,0.4895270762400252
STARD10,0.3863595282771881,0.3863595282771881,0.3863595282771881,1.0,0.1751048463654409,0.12724524917906066,0.6217794459306133,0.3863595282771881,0.2600909982050837,0.1751048463654409,0.2600909982050837,0.6217794459306133,0.2600909982050837,0.2600909982050837,0.2600909982050837,0.6217794459306133,0.2600909982050837,0.6217794459306133,0.1751048463654409
STC2,0.5031874204770793,0.5031874204770793,0.5031874204770793,1.0,0.5031874204770793,0.5031874204770793,0.36481530828767406,0.5031874204770793,0.12965226151105652,0.5031874204770793,0.12965226151105652,1.0,0.18168043632188424,0.210171768329778,0.16415441314454915,0.36481530828767406,0.12965226151105652,0.36481530828767406,0.5031874204770793
STOM,0.4863249575002542,0.4863249575002542,0.4863249575002542,1.0,0.4863249575002542,0.4863249575002542,0.37725670255800564,0.4863249575002542,0.14275283655560855,0.4863249575002542,0.14275283655560855,1.0,0.10248798596997755,0.2144149319324105,0.17347030043595518,0.37725670255800564,0.14275283655560855,0.37725670255800564,0.4863249575002542
STT3B,0.49683742476306536,0.49683742476306536,0.49683742476306536,1.0,0.49683742476306536,0.49683742476306536,0.3667602454816644,0.49683742476306536,0.08298645035215728,0.49683742476306536,0.08298645035215728,1.0,0.15590481545133453,0.2061005370855643,0.16921016690438906,0.3667602454816644,0.08298645035215728,0.3667602454816644,0.49683742476306536
SUB1,0.3839391536876055,0.3839391536876055,0.3839391536876055,1.0,0.1654896150128594,0.10838322455530709,0.6228070032478966,0.3839391536876055,0.262274399160052,0.1654896150128594,0.262274399160052,0.6228070032478966,0.262274399160052,0.262274399160052,0.262274399160052,0.6228070032478966,0.262274399160052,0.6228070032478966,0.1654896150128594
SYAP1,0.3902688962974643,0.3902688962974643,0.3902688962974643,1.0,0.18312991098172027,0.15215750720704332,0.6203730591816149,0.3902688962974643,0.25498682550104285,0.18312991098172027,0.25498682550104285,0.6203730591816149,0.25498682550104285,0.25498682550104285,0.25498682550104285,0.6203730591816149,0.25498682550104285,0.6203730591816149,0.18312991098172027
SYF2,0.4943852505847888,0.4943852505847888,0.4943852505847888,1.0,0.4943852505847888,0.4943852505847888,0.3689722831284962,0.4943852505847888,0.08889097822682278,0.4943852505847888,0.08889097822682278,1.0,0.15195881671010625,0.20761012727831216,0.16936611414421102,0.3689722831284962,0.08889097822682278,0.3689722831284962,0.4943852505847888
SYT7,0.387998762243297,0.387998762243297,0.387998762243297,1.0,0.17979986033012754,0.13624806811256973,0.621371009705639,0.387998762243297,0.25880615231987325,0.17979986033012754,0.25880615231987325,0.621371009705639,0.25880615231987325,0.25880615231987325,0.25880615231987325,0.621371009705639,0.25880615231987325,0.621371009705639,0.17979986033012754
TAF7,0.5011164922201203,0.5011164922201203,0.5011164922201203,1.0,0.5011164922201203,0.5011164922201203,0.36349936941562544,0.5011164922201203,0.09266789115623307,0.5011164922201203,0.09266789115623307,1.0,0.17451457828048983,0.20534074817460743,0.16069378892302216,0.36349936941562544,0.09266789115623307,0.36349936941562544,0.5011164922201203
TAGLN,0.4952517071838258,0.4952517071838258,0.4952517071838258,1.0,0.4952517071838258,0.4952517071838258,0.3684453773970376,0.4952517071838258,0.07683570526183393,0.4952517071838258,0.04128717862987255,1.0,0.14497680000715538,0.20578970670193644,0.1712768386546472,0.3684453773970376,0.0671740493170766,0.3684453773970376,0.4952517071838258
TAT,1.0,1.0,1.0,0.15801255701094974,1.0,1.0,1.0,1.0,1.0,1.0,1.0,0.7043959684383811,1.0,1.0,1.0,1.0,1.0,1.0,1.0
TBC1D30,0.5010735387350278,0.5010735387350278,0.5010735387350278,1.0,0.5010735387350278,0.5010735387350278,0.36571267463609336,0.5010735387350278,0.12180778447231075,0.5010735387350278,0.12180778447231075,1.0,0.17834571725957143,0.20917901988022308,0.1628495984959493,0.36571267463609336,0.12180778447231075,0.36571267463609336,0.5010735387350278
TBC1D9,0.27955758912941236,0.27955758912941236,0.27955758912941236,1.0,0.17616970953443176,0.10865406771528786,0.4882622900790501,0.27955758912941236,0.4882622900790501,0.17616970953443176,0.4882622900790501,1.0,0.4882622900790501,0.4882622900790501,0.4882622900790501,0.4882622900790501,0.4882622900790501,0.4882622900790501,0.17616970953443176
TBK1,0.49434484701433024,0.49434484701433024,0.49434484701433024,1.0,0.49434484701433024,0.49434484701433024,0.3713454169537917,0.49434484701433024,0.1258295467238758,0.49434484701433024,0.1258295467238758,1.0,0.1604410397226075,0.2118589128557194,0.17170791308430045,0.3713454169537917,0.1258295467238758,0.3713454169537917,0.49434484701433024
TFF1,0.2744959517936208,0.2744959517936208,0.2744959517936208,1.0,0.17398726045004984,0.10912134432741047,0.4903550209251856,0.2744959517936208,0.4903550209251856,0.17398726045004984,0.4903550209251856,1.0,0.4903550209251856,0.4903550209251856,0.4903550209251856,0.4903550209251856,0.4903550209251856,0.4903550209251856,0.17398726045004984
TFF3,0.26509533078770725,0.26509533078770725,0.26509533078770725,1.0,0.17688513112351112,0.11639903355123869,0.49401646274505673,0.26509533078770725,0.49401646274505673,0.17688513112351112,0.49401646274505673,1.0,0.49401646274505673,0.49401646274505673,0.49401646274505673,0.49401646274505673,0.49401646274505673,0.49401646274505673,0.17688513112351112
TGFBR2,0.49910963120563234,0.49910963120563234,0.49910963120563234,1.0,0.49910963120563234,0.49910963120563234,0.36525049472114546,0.49910963120563234,0.074631333415468,0.49910963120563234,0.04156697736913503,1.0,0.14898281871229116,0.20320149944817575,0.17156809194119427,0.36525049472114546,0.054944959093053795,0.36525049472114546,0.49910963120563234
TGOLN2,0.4919897363325915,0.4919897363325915,0.4919897363325915,1.0,0.4919897363325915,0.4919897363325915,0.37164690110450194,0.4919897363325915,0.10089539528534544,0.4919897363325915,0.10089539528534544,1.0,0.14860423245794802,0.20974816159411128,0.1698137390859383,0.37164690110450194,0.10089539528534544,0.37164690110450194,0.4919897363325915
THBS1,0.49094162145743614,0.49094162145743614,0.49094162145743614,1.0,0.49094162145743614,0.49094162145743614,0.3729392885360686,0.49094162145743614,0.10062745001603701,0.49094162145743614,0.10062745001603701,1.0,0.14328016568540813,0.2099404373111827,0.1716032084791474,0.3729392885360686,0.10062745001603701,0.3729392885360686,0.49094162145743614
TIMP3,0.5052673294662744,0.5052673294662744,0.5052673294662744,1.0,0.5052673294662744,0.5052673294662744,0.3620890496653347,0.5052673294662744,0.1147272140942656,0.5052673294662744,0.1147272140942656,1.0,0.18145863262649511,0.20736222254297426,0.16438544958586299,0.3620890496653347,0.1147272140942656,0.3620890496653347,0.5052673294662744
TLN1,0.49360518559358935,0.49360518559358935,0.49360518559358935,1.0,0.49360518559358935,0.49360518559358935,0.3690329314014529,0.49360518559358935,0.07737350277875464,0.49360518559358935,0.04982550423608398,1.0,0.14362532360914515,0.20570870792864582,0.17014164699699394,0.3690329314014529,0.07737350277875464,0.3690329314014529,0.49360518559358935
TM9SF2,0.48412147101669595,0.48412147101669595,0.48412147101669595,1.0,0.48412147101669595,0.48412147101669595,0.38045413073575757,0.48412147101669595,0.17211648981009353,0.48412147101669595,0.17211648981009353,1.0,0.14906418642361888,0.2193209419552764,0.17211648981009353,0.38045413073575757,0.17211648981009353,0.38045413073575757,0.48412147101669595
TMCO3,0.3863668677288559,0.3863668677288559,0.3863668677288559,1.0,0.17167294186028154,0.1272570766079018,0.6217253085115361,0.3863668677288559,0.2589919476642816,0.17167294186028154,0.2589919476642816,0.6217253085115361,0.2589919476642816,0.2589919476642816,0.2589919476642816,0.6217253085115361,0.2589919476642816,0.6217253085115361,0.17167294186028154
TMEM14C,0.48616770028851103,0.48616770028851103,0.48616770028851103,1.0,0.48616770028851103,0.48616770028851103,0.37725861375217146,0.48616770028851103,0.14835279561540082,0.48616770028851103,0.14835279561540082,1.0,0.13096420434705464,0.21527371649507154,0.174067069606583,0.37725861375217146,0.14835279561540082,0.37725861375217146,0.48616770028851103
TMEM150C,0.2798568737269477,0.2798568737269477,0.2798568737269477,1.0,0.17892132733295205,0.11309951331119052,0.4887968430709556,0.2798568737269477,0.4887968430709556,0.17892132733295205,0.4887968430709556,1.0,0.4887968430709556,0.4887968430709556,0.4887968430709556,0.4887968430709556,0.4887968430709556,0.4887968430709556,0.17892132733295205
TMSB4X,0.4872132418047976,0.4872132418047976,0.4872132418047976,1.0,0.4872132418047976,0.4872132418047976,0.3756977231138592,0.4872132418047976,0.13856037625069137,0.4872132418047976,0.13856037625069137,1.0,0.10940376780198295,0.2126016716122024,0.1727175616066836,0.3756977231138592,0.13856037625069137,0.3756977231138592,0.4872132418047976
TMX2,0.38406004031297447,0.38406004031297447,0.38406004031297447,1.0,0.16235776936209015,0.11323759072847434,0.6225510931364981,0.38406004031297447,0.2608754836960259,0.16235776936209015,0.2608754836960259,0.6225510931364981,0.2608754836960259,0.2608754836960259,0.2608754836960259,0.6225510931364981,0.2608754836960259,0.6225510931364981,0.16235776936209015
TNFSF10,0.27731881444945305,0.27731881444945305,0.27731881444945305,1.0,0.16974973827419854,0.11370641180900062,0.4885315715813771,0.27731881444945305,0.4885315715813771,0.16974973827419854,0.4885315715813771,1.0,0.4885315715813771,0.4885315715813771,0.4885315715813771,0.4885315715813771,0.4885315715813771,0.4885315715813771,0.16974973827419854
TNS1,0.5049801526774673,0.5049801526774673,0.5049801526774673,1.0,0.5049801526774673,0.5049801526774673,0.35997024649083964,0.5049801526774673,0.07449464013927302,0.5049801526774673,0.07155331579070633,1.0,0.1612624374067411,0.2015814834331235,0.1732819933315785,0.35997024649083964,0.04314812770072133,0.35997024649083964,0.5049801526774673
TOB1,0.2826019579436139,0.2826019579436139,0.2826019579436139,1.0,0.1777405232279875,0.11338190504736359,0.48731134712673857,0.2826019579436139,0.48731134712673857,0.1777405232279875,0.48731134712673857,1.0,0.48731134712673857,0.48731134712673857,0.48731134712673857,0.48731134712673857,0.48731134712673857,0.48731134712673857,0.1777405232279875
TOMM7,0.48710496506546375,0.48710496506546375,0.48710496506546375,1.0,0.48710496506546375,0.48710496506546375,0.3759506103697741,0.48710496506546375,0.14124632627132508,0.48710496506546375,0.14124632627132508,1.0,0.11713602584942767,0.2134853779378607,0.17261011012792468,0.3759506103697741,0.14124632627132508,0.3759506103697741,0.48710496506546375
TOP2B,0.4902863347595245,0.4902863347595245,0.4902863347595245,1.0,0.4902863347595245,0.4902863347595245,0.37263946366618406,0.4902863347595245,0.11113053565114624,0.4902863347595245,0.11113053565114624,1.0,0.14840880649201593,0.21035141479231828,0.171381764582687,0.37263946366618406,0.11113053565114624,0.37263946366618406,0.4902863347595245
TPD52,0.38379067807835415,0.38379067807835415,0.38379067807835415,1.0,0.16986775811898158,0.10439651906775615,0.6228342497954975,0.38379067807835415,0.2641161726373357,0.16986775811898158,0.2641161726373357,0.6228342497954975,0.2641161726373357,0.2641161726373357,0.2641161726373357,0.6228342497954975,0.2641161726373357,0.6228342497954975,0.16986775811898158
TPD52L2,0.38590479015922907,0.38590479015922907,0.38590479015922907,1.0,0.16024598237737794,0.12563326453051593,0.6219198166700994,0.38590479015922907,0.257126054429154,0.16024598237737794,0.257126054429154,0.6219198166700994,0.257126054429154,0.257126054429154,0.257126054429154,0.6219198166700994,0.257126054429154,0.6219198166700994,0.16024598237737794
TPM2,0.4949865598287325,0.4949865598287325,0.4949865598287325,1.0,0.4949865598287325,0.4949865598287325,0.36787005414715257,0.4949865598287325,0.07443062126933726,0.4949865598287325,0.04060610267707497,1.0,0.14519346700563399,0.2047993993917219,0.1709422036476069,0.36787005414715257,0.06827405459778126,0.36787005414715257,0.4949865598287325
TPT1,0.4923295350339697,0.4923295350339697,0.4923295350339697,1.0,0.4923295350339697,0.4923295350339697,0.3704291392613666,0.4923295350339697,0.09111773369570156,0.4923295350339697,0.09111773369570156,1.0,0.14743494056241743,0.20809145883954386,0.16987407705701316,0.3704291392613666,0.09111773369570156,0.3704291392613666,0.4923295350339697
TRIM37,0.270296391477128,0.270296391477128,0.270296391477128,1.0,0.16795840025623338,0.10133855940466775,0.49119423212426155,0.270296391477128,0.49119423212426155,0.16795840025623338,0.49119423212426155,1.0,0.49119423212426155,0.49119423212426155,0.49119423212426155,0.49119423212426155,0.49119423212426155,0.49119423212426155,0.16795840025623338
TRIM44,0.4906146533696183,0.4906146533696183,0.4906146533696183,1.0,0.4906146533696183,0.4906146533696183,0.3727443504836857,0.4906146533696183,0.11024374108571144,0.4906146533696183,0.11024374108571144,1.0,0.14842440035820934,0.2107355734644522,0.17081672790307714,0.3727443504836857,0.11024374108571144,0.3727443504836857,0.4906146533696183
TRIP12,0.3866712442453436,0.3866712442453436,0.3866712442453436,1.0,0.1628110358085416,0.16647186730445784,0.6216825845356247,0.3866712442453436,0.2563190987421183,0.1628110358085416,0.2563190987421183,0.6216825845356247,0.12207475571132533,0.2563190987421183,0.2563190987421183,0.6216825845356247,0.2563190987421183,0.6216825845356247,0.1628110358085416
TRPS1,0.5084248911282979,0.5084248911282979,0.5084248911282979,1.0,0.5084248911282979,0.5084248911282979,0.3571386503034655,0.5084248911282979,0.12453834902649555,0.5084248911282979,0.12453834902649555,1.0,0.18567655480211348,0.2044907293424054,0.16790200231550914,0.3571386503034655,0.12453834902649555,0.3571386503034655,0.5084248911282979
TSC22D1,0.388152162525792,0.388152162525792,0.388152162525792,1.0,0.2573926820330106,0.2573926820330106,0.6212155442129178,0.388152162525792,0.1631394951937985,0.2573926820330106,0.1631394951937985,0.6212155442129178,0.12876599698935765,0.2056359298628242,0.1631394951937985,0.6212155442129178,0.1631394951937985,0.6212155442129178,0.2573926820330106
TSPAN13,0.2692041244126691,0.2692041244126691,0.2692041244126691,1.0,0.17326369311884954,0.10716150801710658,0.49200588455267114,0.2692041244126691,0.49200588455267114,0.17326369311884954,0.49200588455267114,1.0,0.49200588455267114,0.49200588455267114,0.49200588455267114,0.49200588455267114,0.49200588455267114,0.49200588455267114,0.17326369311884954
TSPAN31,0.4961988908289026,0.4961988908289026,0.4961988908289026,1.0,0.4961988908289026,0.4961988908289026,0.36970352537117596,0.4961988908289026,0.1198398164117912,0.4961988908289026,0.1198398164117912,1.0,0.17234181554853095,0.2108018015556306,0.16096132954028358,0.36970352537117596,0.1198398164117912,0.36970352537117596,0.4961988908289026
TUBB,0.48520575649735875,0.48520575649735875,0.48520575649735875,1.0,0.48520575649735875,0.48520575649735875,0.37821068287018333,0.48520575649735875,0.1514480105640119,0.48520575649735875,0.1514480105640119,1.0,0.1274539586741915,0.21593081208834222,0.17549321129574832,0.37821068287018333,0.1514480105640119,0.37821068287018333,0.48520575649735875
TXN,0.3850588459151558,0.3850588459151558,0.3850588459151558,1.0,0.1660720192354731,0.11286945304399741,0.622159463185842,0.3850588459151558,0.26054483886601826,0.1660720192354731,0.26054483886601826,0.622159463185842,0.26054483886601826,0.26054483886601826,0.26054483886601826,0.622159463185842,0.26054483886601826,0.622159463185842,0.1660720192354731
UBA1,0.48794312114729566,0.48794312114729566,0.48794312114729566,1.0,0.48794312114729566,0.48794312114729566,0.3763197658460132,0.48794312114729566,0.14089296362541223,0.48794312114729566,0.14089296362541223,1.0,0.15116887987714792,0.21486271224943373,0.17334610704740552,0.3763197658460132,0.14089296362541223,0.3763197658460132,0.48794312114729566
UBC,0.4954387133928746,0.4954387133928746,0.4954387133928746,1.0,0.4954387133928746,0.4954387133928746,0.36799413737327297,0.4954387133928746,0.07997690273414251,0.4954387133928746,0.07997690273414251,1.0,0.15179061397479687,0.20646438884708526,0.1687206026480782,0.36799413737327297,0.07997690273414251,0.36799413737327297,0.4954387133928746
UBE2D2,0.4899580123363909,0.4899580123363909,0.4899580123363909,1.0,0.4899580123363909,0.4899580123363909,0.37371562915778633,0.4899580123363909,0.11961643506325058,0.4899580123363909,0.11961643506325058,1.0,0.14957819661477764,0.21191160343481844,0.17152671487968887,0.37371562915778633,0.11961643506325058,0.37371562915778633,0.4899580123363909
UBE2D3,0.4874512847362866,0.4874512847362866,0.4874512847362866,1.0,0.4874512847362866,0.4874512847362866,0.37638654903123836,0.4874512847362866,0.14658367366632796,0.4874512847362866,0.14658367366632796,1.0,0.1396324387664399,0.21482164982670637,0.1732241059691092,0.37638654903123836,0.14658367366632796,0.37638654903123836,0.4874512847362866
UBE2H,0.38630405133351176,0.38630405133351176,0.38630405133351176,1.0,0.1664923806484176,0.12490026385582977,0.6217241835221383,0.38630405133351176,0.25773470233399626,0.1664923806484176,0.25773470233399626,0.6217241835221383,0.25773470233399626,0.25773470233399626,0.25773470233399626,0.6217241835221383,0.25773470233399626,0.6217241835221383,0.1664923806484176
UBE2I,0.4845138162708132,0.4845138162708132,0.4845138162708132,1.0,0.4845138162708132,0.4845138162708132,0.3793500165094511,0.4845138162708132,0.1555390054241294,0.4845138162708132,0.1555390054241294,1.0,0.12895313030841254,0.217388660660467,0.17558067193838775,0.3793500165094511,0.1555390054241294,0.3793500165094511,0.4845138162708132
UBE2Q1,0.38333481055005675,0.38333481055005675,0.38333481055005675,1.0,0.16055403877119817,0.1087768554919082,0.6227536401303935,0.38333481055005675,0.2620874322392764,0.16055403877119817,0.2620874322392764,0.6227536401303935,0.2620874322392764,0.2620874322392764,0.2620874322392764,0.6227536401303935,0.2620874322392764,0.6227536401303935,0.16055403877119817
UBQLN1,0.4860633985387423,0.4860633985387423,0.4860633985387423,1.0,0.4860633985387423,0.4860633985387423,0.3780094187296033,0.4860633985387423,0.1532046437213245,0.4860633985387423,0.1532046437213245,1.0,0.1439987579325287,0.21651964544935218,0.17508954031746293,0.3780094187296033,0.1532046437213245,0.3780094187296033,0.4860633985387423
UBXN6,0.48889148278691025,0.48889148278691025,0.48889148278691025,1.0,0.48889148278691025,0.48889148278691025,0.37477118579751223,0.48889148278691025,0.12829349095196727,0.48889148278691025,0.12829349095196727,1.0,0.1496844116340196,0.21292766759558762,0.17229094533893563,0.37477118579751223,0.12829349095196727,0.37477118579751223,0.48889148278691025
UFC1,0.270282247195933,0.270282247195933,0.270282247195933,1.0,0.16569460630214797,0.10542005861341748,0.4908027889218382,0.270282247195933,0.4908027889218382,0.16569460630214797,0.4908027889218382,1.0,0.4908027889218382,0.4908027889218382,0.4908027889218382,0.4908027889218382,0.4908027889218382,0.4908027889218382,0.16569460630214797
UGDH,0.49140361862041,0.49140361862041,0.49140361862041,1.0,0.49140361862041,0.49140361862041,0.37439330624518663,0.49140361862041,0.13902715775317193,0.49140361862041,0.13902715775317193,1.0,0.15795553747050411,0.21444264694625578,0.17249206001085743,0.37439330624518663,0.13902715775317193,0.37439330624518663,0.49140361862041
VAV3,0.2502132271766132,0.2502132271766132,0.2502132271766132,1.0,0.18193805099592747,0.15161296097886817,0.4991498969544538,0.2502132271766132,0.4991498969544538,0.18193805099592747,0.4991498969544538,1.0,0.4991498969544538,0.4991498969544538,0.4991498969544538,0.4991498969544538,0.4991498969544538,0.4991498969544538,0.18193805099592747
VDAC2,0.48862839143749176,0.48862839143749176,0.48862839143749176,1.0,0.48862839143749176,0.48862839143749176,0.37542380163938127,0.48862839143749176,0.1345968695623269,0.48862839143749176,0.1345968695623269,1.0,0.1511997574949911,0.21407718541667484,0.17290099556141036,0.37542380163938127,0.1345968695623269,0.37542380163938127,0.48862839143749176
VIM,0.49689503222524833,0.49689503222524833,0.49689503222524833,1.0,0.49689503222524833,0.49689503222524833,0.36712553540132764,0.49689503222524833,0.07665731408913501,0.49689503222524833,0.044365777413247244,1.0,0.14367176062165907,0.2044913781431109,0.17083880100823698,0.36712553540132764,0.06528581784917056,0.36712553540132764,0.49689503222524833
VMP1,0.49312288466411275,0.49312288466411275,0.49312288466411275,1.0,0.49312288466411275,0.49312288466411275,0.3722143487670915,0.49312288466411275,0.128662687751032,0.49312288466411275,0.128662687751032,1.0,0.15932670335086685,0.2126871999372651,0.17180181937122452,0.3722143487670915,0.128662687751032,0.3722143487670915,0.49312288466411275
VPS37C,0.2655736497372109,0.2655736497372109,0.2655736497372109,1.0,0.168916016700211,0.11078003057106747,0.49296179997436945,0.2655736497372109,0.49296179997436945,0.168916016700211,0.49296179997436945,1.0,0.49296179997436945,0.49296179997436945,0.49296179997436945,0.49296179997436945,0.49296179997436945,0.49296179997436945,0.168916016700211
VPS72,0.38808934831807335,0.38808934831807335,0.38808934831807335,1.0,0.17318590526010183,0.1326617838199592,0.6211631541469341,0.38808934831807335,0.2565545250284705,0.17318590526010183,0.2565545250284705,0.6211631541469341,0.2565545250284705,0.2565545250284705,0.2565545250284705,0.6211631541469341,0.2565545250284705,0.6211631541469341,0.17318590526010183
WBP2,0.4996595412977689,0.4996595412977689,0.4996595412977689,1.0,0.4996595412977689,0.4996595412977689,0.36663200840360005,0.4996595412977689,0.1200554650540459,0.4996595412977689,0.1200554650540459,1.0,0.17697153258398332,0.20940119451448622,0.1624272753748289,0.36663200840360005,0.1200554650540459,0.36663200840360005,0.4996595412977689
WDR26,0.49096010339331364,0.49096010339331364,0.49096010339331364,1.0,0.49096010339331364,0.49096010339331364,0.3729664213760098,0.49096010339331364,0.11949266840390696,0.49096010339331364,0.11949266840390696,1.0,0.1523896010786342,0.21159384465522577,0.17162007205598132,0.3729664213760098,0.11949266840390696,0.3729664213760098,0.49096010339331364
XBP1,0.38810831774730536,0.38810831774730536,0.38810831774730536,1.0,0.17759119011890254,0.13079600879575354,0.6211759655491175,0.38810831774730536,0.25778301044546903,0.17759119011890254,0.25778301044546903,0.6211759655491175,0.25778301044546903,0.25778301044546903,0.25778301044546903,0.6211759655491175,0.25778301044546903,0.6211759655491175,0.17759119011890254
YEATS4,0.27749667726507954,0.27749667726507954,0.27749667726507954,1.0,0.17313162451172773,0.10687388535544441,0.48898986498801,0.27749667726507954,0.48898986498801,0.17313162451172773,0.48898986498801,1.0,0.48898986498801,0.48898986498801,0.48898986498801,0.48898986498801,0.48898986498801,0.48898986498801,0.17313162451172773
YIPF3,0.49474670777105195,0.49474670777105195,0.49474670777105195,1.0,0.49474670777105195,0.49474670777105195,0.36992217376736103,0.49474670777105195,0.10628786118758723,0.49474670777105195,0.10628786118758723,1.0,0.15677835117674493,0.20971497455165578,0.1699752980527243,0.36992217376736103,0.10628786118758723,0.36992217376736103,0.49474670777105195
YPEL5,0.4865301870715166,0.4865301870715166,0.4865301870715166,1.0,0.4865301870715166,0.4865301870715166,0.37731662218610035,0.4865301870715166,0.14831026821491422,0.4865301870715166,0.14831026821491422,1.0,0.13199625694125247,0.21535117478815582,0.17380452855426673,0.37731662218610035,0.14831026821491422,0.37731662218610035,0.4865301870715166
YWHAG,0.38837606654569873,0.38837606654569873,0.38837606654569873,1.0,0.257851404552717,0.257851404552717,0.6211038185972864,0.38837606654569873,0.16239730636385222,0.257851404552717,0.16239730636385222,0.6211038185972864,0.12564405622210623,0.2052010953911278,0.16239730636385222,0.6211038185972864,0.16239730636385222,0.6211038185972864,0.257851404552717
YY1AP1,0.4877990825185811,0.4877990825185811,0.4877990825185811,1.0,0.4877990825185811,0.4877990825185811,0.3760537947454956,0.4877990825185811,0.13800281373222145,0.4877990825185811,0.13800281373222145,1.0,0.15006534520076423,0.2144357684916011,0.17308710633095076,0.3760537947454956,0.13800281373222145,0.3760537947454956,0.4877990825185811
ZFP36L2,0.49827488462082414,0.49827488462082414,0.49827488462082414,1.0,0.49827488462082414,0.49827488462082414,0.3642424852793949,0.49827488462082414,0.0547090469116606,0.49827488462082414,0.06755491718793948,1.0,0.15285035140375933,0.20216188227056325,0.17053287610830803,0.3642424852793949,0.06755491718793948,0.3642424852793949,0.49827488462082414
ZKSCAN1,0.2736693651003947,0.2736693651003947,0.2736693651003947,1.0,0.1691690288868003,0.0994306490158106,0.4898832385029815,0.2736693651003947,0.4898832385029815,0.1691690288868003,0.4898832385029815,1.0,0.4898832385029815,0.4898832385029815,0.4898832385029815,0.4898832385029815,0.4898832385029815,0.4898832385029815,0.1691690288868003
ZMIZ1,0.4870067586260868,0.4870067586260868,0.4870067586260868,1.0,0.4870067586260868,0.4870067586260868,0.3768090402238192,0.4870067586260868,0.14751215797672787,0.4870067586260868,0.14751215797672787,1.0,0.1371067339297329,0.21491061067821962,0.1740251134110091,0.3768090402238192,0.14751215797672787,0.3768090402238192,0.4870067586260868
ZMYND11,0.4877313060864212,0.4877313060864212,0.4877313060864212,1.0,0.4877313060864212,0.4877313060864212,0.3761307664539963,0.4877313060864212,0.13794165846355075,0.4877313060864212,0.13794165846355075,1.0,0.14976855544633683,0.2145360885220102,0.17310863413854774,0.3761307664539963,0.13794165846355075,0.3761307664539963,0.4877313060864212
ZNF24,0.38912593097113757,0.38912593097113757,0.38912593097113757,1.0,0.17438318017372417,0.13094860372069064,0.6208626824732771,0.38912593097113757,0.25543728868067034,0.17438318017372417,0.25543728868067034,0.6208626824732771,0.25543728868067034,0.25543728868067034,0.25543728868067034,0.6208626824732771,0.25543728868067034,0.6208626824732771,0.17438318017372417
ZNF664,0.3828436381176838,0.3828436381176838,0.3828436381176838,1.0,0.15558895141011603,0.09916066975399225,0.6231560108256982,0.3828436381176838,0.26204782236932006,0.15558895141011603,0.26204782236932006,0.6231560108256982,0.26204782236932006,0.26204782236932006,0.26204782236932006,0.6231560108256982,0.26204782236932006,0.6231560108256982,0.15558895141011603
ZNF91,0.38425600311250513,0.38425600311250513,0.38425600311250513,1.0,0.16736507402353443,0.10749713753582148,0.6225002000747635,0.38425600311250513,0.2624036539938528,0.16736507402353443,0.2624036539938528,0.6225002000747635,0.2624036539938528,0.2624036539938528,0.2624036539938528,0.6225002000747635,0.2624036539938528,0.6225002000747635,0.16736507402353443
