gene,marker_group,unassigned_count,assigned_count,unassigned_fraction,urna_best_cluster,urna_best_sss,urna_best_module,full_best_cluster,full_best_sss,best_cluster_match,sss_spearman_vs_full,urna_module_mean_Tumor,urna_module_mean_Vascular/Stromal,urna_module_mean_Immune,urna_module_mean_Rare epithelial
NHERF1,,548394,1936095,0.2207270790895029,CXCL14+ Fibroblasts,0.1516090587734937,Vascular/Stromal,Basal-like Structured DCIS Cells,0.1155807929611427,False,0.22606269092359826,0.4906949695686872,0.24114330141522378,0.3424688094628197,0.8302316565228957
XBP1,,297758,1190370,0.2000889708412179,Basal-like Structured DCIS Cells,0.13079600879575354,Immune,Basal-like Structured DCIS Cells,0.0948100268866114,True,0.6490406876192876,0.38810831774730536,0.4031401924869284,0.27532836674889033,0.5839906581149571
OR4F17,,266079,2046458,0.1150593482396173,Macrophages,0.10455214509233675,Vascular/Stromal,Macrophages,0.1253007638227076,True,0.9999999999999999,0.4870645912768671,0.2346344097427125,0.33197812278876554,0.8290215304256224
TBC1D9,,262493,1180759,0.1818760687669235,Basal-like Structured DCIS Cells,0.10865406771528786,Tumor,Basal-like Structured DCIS Cells,0.1131023987645931,True,1.0,0.27955758912941236,0.48826229007905014,0.3545083269884994,0.7028846892384294
GNAS,,244109,645711,0.2743352588163898,Basal-like Structured DCIS Cells,0.13026974686404963,Immune,Basal-like Structured DCIS Cells,0.0938647603384986,True,0.6490406876192876,0.38756466222063474,0.40196198082738893,0.2702737300895167,0.5838440502431367
DSP,,227650,823025,0.2166702358007947,Basal-like Structured DCIS Cells,0.1157172937492607,Immune,Basal-like Structured DCIS Cells,0.0944465519243381,True,0.6490406876192876,0.38546871860665627,0.4049698484896712,0.2726435538490733,0.5792583683152107
TFF1,,223433,806795,0.2168772349421681,Basal-like Structured DCIS Cells,0.10912134432741047,Tumor,Basal-like Structured DCIS Cells,0.1190060896480268,True,1.0,0.2744959517936208,0.49035502092518557,0.3547688378644131,0.7030404481091369
GNS,,219589,877075,0.2002336175893437,CXCL14+ Fibroblasts,0.1655896043044294,Vascular/Stromal,Basal-like Structured DCIS Cells,0.1076314700219397,False,-0.282546184601846,0.48785938521588085,0.2505511870220086,0.3429935448639246,0.829286461738627
MYH9,,196002,493292,0.2843518150455393,CXCL14+ Fibroblasts,0.11446597550758934,Vascular/Stromal,Basal-like Structured DCIS Cells,0.1181721787789686,False,0.22606269092359826,0.488620711507153,0.2182648690140066,0.33830308192432784,0.8295402371690509
PTMA,,189890,471483,0.2871148353500974,Basal-like Structured DCIS Cells,0.10315658875312864,Immune,Basal-like Structured DCIS Cells,0.0970974141028807,True,0.6490406876192876,0.38275829535990735,0.40601246787736517,0.2654952834447994,0.575413346324163
ANXA5,,188275,535424,0.2601565015289506,Macrophages,0.14186619060117958,Vascular/Stromal,Basal-like Structured DCIS Cells,0.0972989506184069,False,-0.282546184601846,0.48396456003568616,0.25436186392068,0.3376330383937015,0.827988186678562
MDM2,,178705,764805,0.1894044578223866,CXCL14+ Fibroblasts,0.15919316065193886,Vascular/Stromal,Basal-like Structured DCIS Cells,0.118653859015878,False,0.22671323238623875,0.48863192941444616,0.24643707376684917,0.3419493349253301,0.829543976471482
STARD10,,177743,704455,0.2014774461062029,Basal-like Structured DCIS Cells,0.12724524917906066,Immune,Basal-like Structured DCIS Cells,0.1032978864199513,True,0.6490406876192876,0.3863595282771881,0.4047663772952956,0.27533813994888384,0.5830082317032247
NPM1,,176649,435541,0.2885525735474281,CXCL14+ Fibroblasts,0.09465542310228477,Vascular/Stromal,Basal-like Structured DCIS Cells,0.1396973630258653,False,0.22606269092359826,0.4952338828690977,0.20417119800045316,0.3409862500256878,0.8317446276230326
GATA3,,176476,808018,0.1792555363465902,Basal-like Structured DCIS Cells,0.1273188649820572,Immune,Basal-like Structured DCIS Cells,0.1029095812524292,True,0.6490406876192876,0.386611220443434,0.4046261049972683,0.27509802692626983,0.5829916685101184
RASSF3,,171812,724079,0.191777794396863,Basal-like Structured DCIS Cells,0.11158747741755375,Tumor,Basal-like Structured DCIS Cells,0.1434650328802384,True,1.0,0.2615918010296782,0.49431820913956803,0.3553666820917324,0.7038624924725179
B2M,,167278,444871,0.273263535511779,B Cells,0.10409634179159888,Immune,Basal-like Structured DCIS Cells,0.0933998554752439,False,0.6366449716751436,0.3845046195234967,0.4037761616257021,0.24598612097005354,0.5915163258085433
CLTC,,166623,601524,0.2169155122652304,Basal-like Structured DCIS Cells,0.14660943915517807,Immune,Basal-like Structured DCIS Cells,0.101140324211652,True,0.6490406876192876,0.38970320187014945,0.4010768761388651,0.27446898472948433,0.5890201636671933
TMSB4X,,160781,303453,0.3463361149764989,Macrophages,0.10940376780198295,Vascular/Stromal,Basal-like Structured DCIS Cells,0.1293278136132467,False,0.22606269092359826,0.4872132418047976,0.2334153149959585,0.33315149279273154,0.8290710806015992
PRPF19,,159541,668103,0.1927652468935919,Basal-like Structured DCIS Cells,0.14946087760664584,Tumor,11q13 Invasive Tumor Cells,0.051398157994377,False,0.8653760231111451,0.25021257919260526,0.49889380522240606,0.3628887381098322,0.7164869592022153
STC2,,156501,765112,0.1698120577726225,CXCL14+ Fibroblasts,0.12965226151105652,Vascular/Stromal,Basal-like Structured DCIS Cells,0.1578572241823685,False,0.22606269092359826,0.5031874204770793,0.22371748022170354,0.34719774107358903,0.8343958068256931
CXCL12,,149425,138679,0.5186495154527532,Mast Cells,0.17746804705021454,Vascular/Stromal,"CAFs, DCIS Associated",0.1598608962662095,False,0.8854344800401239,0.516993566724376,0.26187719860425973,0.3549026411133605,0.838997855574792
SMIM14,,146601,496328,0.2280205123738391,Basal-like Structured DCIS Cells,0.13121803355951742,Immune,Basal-like Structured DCIS Cells,0.0977597928210364,True,0.6490406876192876,0.38768118221555925,0.40352434416419136,0.27563033761241107,0.5841874196237488
ELAPOR1,,142104,756196,0.1581921407102304,Basal-like Structured DCIS Cells,0.11177002248061785,Tumor,Basal-like Structured DCIS Cells,0.1416545616285207,True,1.0,0.26406312600041476,0.49427835059942027,0.3584492529113293,0.7039233408268726
PLAT,,141278,689329,0.1700900666620917,Basal-like Structured DCIS Cells,0.11308054641794348,Tumor,11q13 Invasive Tumor Cells,0.1496586705839084,False,0.8692653731488574,0.2637557635381815,0.493499244942028,0.3551044908571205,0.7043601821393145
FTH1,,136127,319416,0.2988236017236572,Basal-like Structured DCIS Cells,0.10272656989277074,Tumor,Basal-like Structured DCIS Cells,0.0949827775049829,True,1.0,0.27968900599505786,0.4869380136273895,0.34769088361609296,0.7009088566309236
RAB7A,,133342,368776,0.2655590916876112,Macrophages,0.1266214621077786,Immune,Basal-like Structured DCIS Cells,0.0989869621009506,False,0.15835612442790561,0.38759187120049365,0.3474786764652763,0.27006874344492404,0.6261562442434885
MARCKS,,129135,305442,0.2971510227186436,Macrophages,0.09099549886464953,Immune,Basal-like Structured DCIS Cells,0.0926954693142736,False,0.1579260028790722,0.38911489786266923,0.33603747267430945,0.2641279587474475,0.6257489184950834
MAGED2,,126640,459510,0.2160539111149023,CXCL14+ Fibroblasts,0.11603857356593138,Vascular/Stromal,Basal-like Structured DCIS Cells,0.1593401205825632,False,0.22606269092359826,0.5000845842501417,0.2161973951188926,0.3448259030095744,0.8333615280833806
PRKAR1A,,125685,370996,0.253049744202013,Macrophages,0.12598356586359988,Immune,Basal-like Structured DCIS Cells,0.0912052667952091,False,0.1579260028790722,0.389503328083931,0.3372928881159959,0.27022666727949346,0.6264975360852898
TFF3,,121339,503755,0.1941132053739117,Basal-like Structured DCIS Cells,0.11639903355123869,Tumor,Basal-like Structured DCIS Cells,0.136773587788676,True,1.0,0.26509533078770725,0.49401646274505673,0.3581030349072515,0.7054663445170796
MLPH,,115562,567891,0.169085511366546,Basal-like Structured DCIS Cells,0.14088195291286176,Immune,Basal-like Structured DCIS Cells,0.1066696340824598,True,0.6490406876192876,0.3880000960655525,0.4033046240050366,0.2763599746547309,0.5873787713345442
HNRNPF,,114191,410013,0.2178369489740635,Basal-like Structured DCIS Cells,0.10249611707401365,Tumor,Basal-like Structured DCIS Cells,0.1083926760940862,True,1.0,0.2781304393077505,0.48780688244884446,0.3497325628385758,0.7008320390246712
UFC1,,114186,376078,0.2329071683827488,Basal-like Structured DCIS Cells,0.10542005861341748,Tumor,Basal-like Structured DCIS Cells,0.1321727268508116,True,1.0,0.270282247195933,0.4908027889218382,0.35147071065625674,0.7018066862044724
FRS2,,113239,396661,0.2220808001568935,CXCL14+ Fibroblasts,0.17152788584164497,Vascular/Stromal,Basal-like Structured DCIS Cells,0.1113620721098959,False,-0.282546184601846,0.48644912459762457,0.2547873401324017,0.34377694621438476,0.8288163748658749
EID1,,112954,290989,0.2796285614554529,Macrophages,0.1165697334076675,Immune,Basal-like Structured DCIS Cells,0.0931429468712002,False,0.1579260028790722,0.39045327577687294,0.33377572066461964,0.26861873533646324,0.6265070042564119
DAP,,111558,326050,0.2549267837882306,Macrophages,0.14665099310954122,Vascular/Stromal,Basal-like Structured DCIS Cells,0.1046930824449615,False,0.22606269092359826,0.4874364072623031,0.2408504832917074,0.33936661652429984,0.8291454690874344
SPTAN1,,110025,368957,0.2297059179676898,CXCL14+ Fibroblasts,0.1228082118688058,Vascular/Stromal,Basal-like Structured DCIS Cells,0.1012695615292314,False,-0.2817354334769128,0.4893135096994681,0.22352353796428828,0.33935241217355416,0.8297711698998227
CCT2,,107108,387174,0.2166941138864049,Basal-like Structured DCIS Cells,0.13871295654064414,Immune,Basal-like Structured DCIS Cells,0.1014571153874694,True,0.6490406876192876,0.38809722157713006,0.4032300522989896,0.2756412842906136,0.5865988852296372
ANXA2,,105731,315148,0.2512147196700239,CXCL14+ Fibroblasts,0.1325421410925293,Vascular/Stromal,Basal-like Structured DCIS Cells,0.1072514152079133,False,0.22606269092359826,0.4892958716787554,0.22958690742414847,0.3401324438333808,0.829765290559585
ECE1,,105380,520011,0.1685025847829598,Basal-like Structured DCIS Cells,0.12391163497959225,Immune,Basal-like Structured DCIS Cells,0.1006389593393367,True,0.6490406876192876,0.3860795953331646,0.4041361070770938,0.2726175225391329,0.5819050545989547
SPTBN1,,104197,265402,0.2819190528112901,CXCL14+ Fibroblasts,0.10659556929792958,Vascular/Stromal,Basal-like Structured DCIS Cells,0.1013095466100633,False,-0.2817354334769128,0.48977159483627936,0.2133494617298389,0.33838119649725845,0.8299238649454265
TNFSF10,,101300,482942,0.1733870553640443,Basal-like Structured DCIS Cells,0.11370641180900062,Tumor,Basal-like Structured DCIS Cells,0.1361948439475132,True,1.0,0.27731881444945305,0.4885315715813771,0.35191078587830055,0.7045688039363336
APP,,100648,305856,0.2475941196150591,CXCL14+ Fibroblasts,0.10877476249012435,Vascular/Stromal,Basal-like Structured DCIS Cells,0.1138465572614516,False,0.22606269092359826,0.491702899901976,0.21391668094841246,0.3399540509886346,0.8305676333006587
ZNF91,,99675,327737,0.2332058996939721,Basal-like Structured DCIS Cells,0.10749713753582148,Immune,Basal-like Structured DCIS Cells,0.0972603179013938,True,0.6490406876192876,0.38425600311250513,0.40644227242621705,0.2731151977324179,0.5766657792035284
SRP9,,99420,314374,0.2402644794269612,Basal-like Structured DCIS Cells,0.11674982114467411,Immune,Basal-like Structured DCIS Cells,0.0968697264776697,True,0.6490406876192876,0.3849975599577225,0.4047768008984171,0.2709320902814751,0.5796567218447588
TPT1,,99084,164070,0.3765247725666339,CXCL14+ Fibroblasts,0.09111773369570156,Vascular/Stromal,Macrophages,0.1416607034901623,False,0.988538681948424,0.4923295350339697,0.20284229592196756,0.3389740315460357,0.8307765116779899
CSDE1,,96461,240220,0.2865056240179873,CXCL14+ Fibroblasts,0.11752497790864848,Vascular/Stromal,Basal-like Structured DCIS Cells,0.1113656503473565,False,0.22606269092359826,0.4906683141656497,0.2196348108784763,0.33985219382162474,0.8302227713885499
HIPK3,,96105,208457,0.3155515133207688,CXCL14+ Fibroblasts,0.08037260968462696,Vascular/Stromal,Macrophages,0.1251923863229685,False,0.988538681948424,0.4934454811241713,0.19595063551507574,0.33904570448352583,0.831148493708057
UGDH,,95033,374450,0.2024205349288472,CXCL14+ Fibroblasts,0.13902715775317193,Vascular/Stromal,Basal-like Structured DCIS Cells,0.119103035086957,False,0.22606269092359826,0.49140361862041,0.2331736171499778,0.3419277723620048,0.83046787287347
CDH1,,92953,444560,0.1729316314210074,Basal-like Structured DCIS Cells,0.11059226853576788,Tumor,Basal-like Structured DCIS Cells,0.1517779669593232,True,1.0,0.2644791500524585,0.49375550492532827,0.3567052846922005,0.7035307561785893
IL6ST,,92909,285781,0.2453431566716839,CXCL14+ Fibroblasts,0.06601591027172105,Vascular/Stromal,Macrophages,0.1422869731401211,False,0.9871254736748173,0.4987939180597965,0.18941637902245187,0.34180580948945477,0.8329313060199323
MED13,,92268,337690,0.2145977048921057,Basal-like Structured DCIS Cells,0.12479724086820833,Immune,Basal-like Structured DCIS Cells,0.0989265813137176,True,0.6490406876192876,0.3862016711072045,0.4041076314422415,0.27277573337016553,0.5821808507492382
CMPK1,,92208,267061,0.2566544845227392,Basal-like Structured DCIS Cells,0.1271992598902683,Immune,Basal-like Structured DCIS Cells,0.092952089339899,True,0.6490406876192876,0.38706682665276543,0.4022718815233922,0.26941418074537804,0.5828973103815788
EIF4G2,,90931,290829,0.2381889145012573,Basal-like Structured DCIS Cells,0.11157881122686643,Immune,Basal-like Structured DCIS Cells,0.092247735391985,True,0.6490406876192876,0.3846353858293139,0.40461316339202924,0.2683498584907242,0.5779587957347989
GRB2,,90594,303402,0.2299363445314165,Basal-like Structured DCIS Cells,0.13814053493740902,Immune,Basal-like Structured DCIS Cells,0.0998600800039826,True,0.6490406876192876,0.3883090164408538,0.4019512480425539,0.2726952564448769,0.5863677555827255
PREX1,,89982,354807,0.202302664859068,CXCL14+ Fibroblasts,0.13871726607729587,Vascular/Stromal,CXCL14+ Fibroblasts,0.1400286812711671,True,0.9999999999999999,0.5072175627072751,0.22799739211842743,0.34951879493371196,0.8357391875690917
CERS2,,89974,409436,0.1801605894956048,Basal-like Structured DCIS Cells,0.10842131897115022,Tumor,Basal-like Structured DCIS Cells,0.1128901670860083,True,1.0,0.2789034477380339,0.48825931267097167,0.35336227796742603,0.7028071063237168
BRMS1,,89099,343343,0.2060368789340536,11q13 Invasive Tumor Cells,0.13932676281692882,Tumor,11q13 Invasive Tumor Cells,0.0402045377447078,True,0.9955257046261682,0.13932676281692882,0.500144052718978,0.39591894632577646,0.7523173792671692
IRF2BP2,,88627,292339,0.2326375582072941,Macrophages,0.1400761653133613,Vascular/Stromal,Basal-like Structured DCIS Cells,0.0998054322747923,False,-0.2817354334769128,0.4847440463207535,0.2457462651876099,0.3381529606063277,0.8282480154402512
SELENOF,,88169,265728,0.2491374608996402,CXCL14+ Fibroblasts,0.12991048520791873,Vascular/Stromal,Basal-like Structured DCIS Cells,0.0978936349160035,False,-0.2817354334769128,0.48822573631459504,0.22813425190063694,0.33918744440767584,0.8294085787715316
CIRBP,,87857,330015,0.2102485928705441,CXCL14+ Fibroblasts,0.0889849840888769,Vascular/Stromal,CXCL14+ Fibroblasts,0.1371467711115654,True,0.9980897803247372,0.5037328016085248,0.19763822124770367,0.344882240703779,0.8345776005361749
ELP2,,87701,438980,0.16651635430175,Basal-like Structured DCIS Cells,0.09877678144176519,Tumor,Basal-like Structured DCIS Cells,0.133766415218664,True,1.0,0.27036974450492124,0.4911086826628058,0.3527238067103008,0.6995922604805883
COL3A1,,87095,97926,0.4707303495278914,Dendritic Cells,0.05519846371400669,Tumor,Dendritic Cells,0.0631446704202051,True,0.9999999999999998,0.25847775201024303,0.49564659221443097,0.3252104236363703,0.7237562085432773
PKM,,86782,310287,0.2185564725526294,Basal-like Structured DCIS Cells,0.09909500025799212,Tumor,Basal-like Structured DCIS Cells,0.1066323983760205,True,1.0,0.27534445021029785,0.48897957428383887,0.35053205865925874,0.6996983334193306
ACTN4,,86171,274265,0.2390743432953423,CXCL14+ Fibroblasts,0.11683411755127492,Vascular/Stromal,Basal-like Structured DCIS Cells,0.1072568386020144,False,0.22606269092359826,0.4902236636721441,0.21942976195080505,0.3395525617635263,0.8300745545573814
SCARB2,,86120,310597,0.2170816980366356,Macrophages,0.1363065528176013,Vascular/Stromal,Basal-like Structured DCIS Cells,0.0970000510232376,False,-0.2817354334769128,0.4862088986803493,0.24124496449097568,0.3375077569231063,0.8287362995601164
VAV3,,85959,391605,0.1799947232203432,Basal-like Structured DCIS Cells,0.15161296097886817,Tumor,11q13 Invasive Tumor Cells,0.0553512568275851,False,0.8653760231111451,0.2502132271766132,0.4991498969544538,0.3632019629722283,0.7172043203262893
PSAP,,85571,240075,0.2627730726003083,Macrophages,0.12237070589730129,Immune,Basal-like Structured DCIS Cells,0.096485979462754,False,0.763653004934904,0.3901833846090831,0.33529876925092106,0.26932476095196023,0.6263046235661864
AGR3,,84845,426749,0.1658444000516034,Basal-like Structured DCIS Cells,0.13501004920169307,Tumor,11q13 Invasive Tumor Cells,0.0674081689315788,False,0.8666666666666667,0.2556983812342475,0.4969935634670152,0.3599068105064257,0.7116700164005644
CDKN1B,,84341,315300,0.2110419101143276,CXCL14+ Fibroblasts,0.140890257570976,Vascular/Stromal,Basal-like Structured DCIS Cells,0.1009363300281496,False,-0.2817354334769128,0.48859502213726186,0.2348311373450616,0.3403898852831109,0.829531674045754
ARF1,,84321,276777,0.2335127860026918,Macrophages,0.14341800219985815,Vascular/Stromal,Basal-like Structured DCIS Cells,0.0999424006842332,False,-0.2817354334769128,0.48439404995091495,0.24803489077879962,0.3388535866614199,0.8281313499836384
AEBP1,,83064,106380,0.4384620257173623,Macrophages,0.07076636850986992,Immune,Macrophages,0.058885794792869,True,0.8265298673046885,0.38807092916253555,0.4016981585794898,0.23715538072906936,0.5989145071587283
DYNLL2,,80960,234015,0.2570362727200571,CXCL14+ Fibroblasts,0.1499523655334219,Vascular/Stromal,Basal-like Structured DCIS Cells,0.0983915002859738,False,-0.2817354334769128,0.48785971544254697,0.2406791368208802,0.340689354963581,0.8292865718141823
CD59,,80566,231329,0.2583112906587153,CXCL14+ Fibroblasts,0.07733181006762321,Vascular/Stromal,Macrophages,0.1428290651163086,False,0.988538681948424,0.4961534141580159,0.19333971807977052,0.3406518241185022,0.832051138052672
MBD2,,80566,253643,0.2410647229727505,Basal-like Structured DCIS Cells,0.10674363378935436,Immune,Basal-like Structured DCIS Cells,0.097096719524069,True,0.6490406876192876,0.38329618045279323,0.4056323953433301,0.2664950891394433,0.5765450980688814
LUM,,80004,81968,0.4939372237176796,Endothelial Cells,0.052748942100906984,Vascular/Stromal,Endothelial Cells,0.0387013079729924,True,0.9995241493901396,0.49215077185346257,0.1923208819124862,0.33760930294710517,0.8307169239511542
ITGB5,,79905,245485,0.2455668582316604,CXCL14+ Fibroblasts,0.09823085332059593,Vascular/Stromal,CXCL14+ Fibroblasts,0.115521606749103,True,0.9999999999999999,0.5037488553602637,0.20339599567560068,0.345473803563718,0.8345829517867546
COL6A2,,79348,110071,0.4189020108859195,Macrophages,0.05583964654742147,Vascular/Stromal,Endothelial Cells,0.0600874176339673,False,0.9871254736748172,0.4871336844781007,0.23349215672647028,0.3257339882850528,0.8290445614927003
SLC39A6,,78988,336009,0.1903339060282363,Basal-like Structured DCIS Cells,0.11930123145102883,Tumor,Basal-like Structured DCIS Cells,0.1490543160925731,True,1.0,0.2611988580834567,0.49504545670964306,0.35779039136618823,0.7064337438170095
PEA15,,78799,199848,0.2827914888730185,Basal-like Structured DCIS Cells,0.12291247275277854,Immune,Basal-like Structured DCIS Cells,0.1013588383866345,True,0.6490406876192876,0.38468850758243844,0.40376423619866575,0.2656629222460798,0.5817272575510937
VIM,,78410,80316,0.4939959426936985,Endothelial Cells,0.044365777413247244,Vascular/Stromal,Endothelial Cells,0.0419455927035409,True,0.9995241493901396,0.49689503222524833,0.18411199603084163,0.33954465312143994,0.8322983440750829
DHCR24,,77917,339985,0.1864480189135252,CXCL14+ Fibroblasts,0.16566648684384916,Vascular/Stromal,Basal-like Structured DCIS Cells,0.1052764629753437,False,-0.282546184601846,0.48880759832717213,0.25035496047978645,0.34320717242019855,0.829602532775724
PMP22,,77524,264963,0.2263560368714725,Basal-like Structured DCIS Cells,0.10820583141327364,Tumor,Basal-like Structured DCIS Cells,0.1386361509756363,True,1.0,0.2728449718367009,0.48919115662803153,0.34664357450123146,0.7027352771377579
BHLHE40,,77498,274515,0.220156641942201,Macrophages,0.14049298164240334,Vascular/Stromal,Basal-like Structured DCIS Cells,0.0999979632992414,False,0.22606269092359826,0.4860283186584748,0.2426624481462884,0.3381772432180541,0.8286761062194916
SCUBE2,,77086,424070,0.1538163765374454,Basal-like Structured DCIS Cells,0.10522069368819859,Tumor,Basal-like Structured DCIS Cells,0.1230874777340841,True,1.0,0.27777752655003846,0.4890111493205903,0.355003793154681,0.7017402312293995
MAPKAPK2,,76982,262833,0.2265409119668054,Basal-like Structured DCIS Cells,0.10073734936282398,Tumor,Basal-like Structured DCIS Cells,0.1314998060995847,True,1.0,0.267552413244282,0.4914894387821091,0.3495704321636991,0.7002457831209413
CCN2,,76855,136392,0.360403663357515,Endothelial Cells,0.048298481079548546,Vascular/Stromal,Endothelial Cells,0.0426818118540952,True,1.0,0.4936099523069986,0.18997823460110438,0.3386202943685178,0.8312033174356662
IST1,,75423,673434,0.100717493460033,Macrophages,0.11236078864837021,Immune,Macrophages,0.1260001001873206,True,0.9972838338246321,0.3892475553942781,0.337394069557302,0.26751451048185604,0.6262280329496263
DAZAP2,,74256,184662,0.2867935021898825,Macrophages,0.12315259625321837,Vascular/Stromal,Basal-like Structured DCIS Cells,0.1035660010542247,False,0.22606269092359826,0.4866277328617124,0.23755596514260083,0.3353281077050542,0.8288759109539042
TOB1,,74177,315410,0.1903990636237862,Basal-like Structured DCIS Cells,0.11338190504736359,Tumor,Basal-like Structured DCIS Cells,0.1045606391271101,True,1.0,0.2826019579436139,0.4873113471267386,0.3546381368844167,0.7044606350157879
COL6A1,,74150,130631,0.3620941395930286,Macrophages,0.06498078941746514,Immune,Macrophages,0.0692388720887772,True,0.698357948627907,0.3891207393746848,0.33824225281414566,0.26019747794818204,0.6253357482445969
RAB1B,,73996,248792,0.2292402443709183,Basal-like Structured DCIS Cells,0.10692422906824092,Tumor,Basal-like Structured DCIS Cells,0.1053717471563615,True,1.0,0.2805102049547037,0.48753045533281264,0.35278067972067856,0.7023080763560804
SYAP1,,73635,266490,0.2164939360529217,Basal-like Structured DCIS Cells,0.15215750720704332,Immune,Basal-like Structured DCIS Cells,0.1032625921189618,True,0.6490406876192876,0.3902688962974643,0.40114131897327165,0.27638903837570056,0.5908435221295528
JUN,,73530,178911,0.2912759813184071,CXCL14+ Fibroblasts,0.11365306668977623,Vascular/Stromal,CXCL14+ Fibroblasts,0.0543088633003917,True,0.9985704067029311,0.5117536042952125,0.20913446889514858,0.34889470389973526,0.8372512014317376
P4HB,,73496,226812,0.2447354049842162,CXCL14+ Fibroblasts,0.10647035166503072,Vascular/Stromal,Basal-like Structured DCIS Cells,0.1229677034503699,False,0.22606269092359826,0.4933167984456236,0.21224965284026695,0.3406598141295426,0.8311055994818745
GNA13,,73130,281038,0.2064839285310926,Basal-like Structured DCIS Cells,0.10443439948286218,Tumor,Basal-like Structured DCIS Cells,0.1042581970420286,True,1.0,0.27900065596799917,0.48782203798467416,0.3509778345644305,0.7014781331609541
HNRNPA2B1,,72846,303238,0.193696089171568,CXCL14+ Fibroblasts,0.11533187158072185,Vascular/Stromal,Basal-like Structured DCIS Cells,0.1023628283279676,False,0.22606269092359826,0.49168611589775646,0.2180146621185881,0.340397824072093,0.8305620386325855
RAB21,,72679,227434,0.2421721151699526,Macrophages,0.130990264128591,Immune,Basal-like Structured DCIS Cells,0.0966422638726896,False,0.15835612442790561,0.3886580148886943,0.34566375850104064,0.27072140840366576,0.6265036462598849
NHERF2,,72114,256347,0.2195511795920977,Basal-like Structured DCIS Cells,0.09859906787398244,Tumor,Basal-like Structured DCIS Cells,0.1204887712057845,True,1.0,0.2754296455378838,0.48885199479967734,0.3504901662022725,0.6995330226246609
ATP6V1G1,,71519,273703,0.2071681410802324,Basal-like Structured DCIS Cells,0.10458572826608116,Tumor,Basal-like Structured DCIS Cells,0.1320982793211468,True,1.0,0.26679017897593055,0.49251184382317775,0.354119514111448,0.7015285760886938
AP2M1,,70825,208133,0.253891266785681,Macrophages,0.1390143335576839,Vascular/Stromal,Basal-like Structured DCIS Cells,0.1041586900174068,False,-0.2817354334769128,0.4841161339624035,0.24791452054816188,0.33813590663924936,0.8280387113208012
NAP1L1,,69857,207210,0.2521303511425034,Basal-like Structured DCIS Cells,0.10555848600798134,Tumor,Basal-like Structured DCIS Cells,0.1357160305174757,True,1.0,0.2651318610083386,0.49201616928908926,0.34728113764457863,0.7018528286693271
FLNB,,69659,357647,0.1630190074560151,CXCL14+ Fibroblasts,0.1242412967502453,Vascular/Stromal,Basal-like Structured DCIS Cells,0.1075865175781839,False,0.22606269092359826,0.49293737532943727,0.22343610616230417,0.3416423321267018,0.8309791251098124
PARK7,,69549,213447,0.2457596573803163,Basal-like Structured DCIS Cells,0.12711687342805644,Immune,Basal-like Structured DCIS Cells,0.0949220690410758,True,0.6490406876192876,0.38677646040767244,0.4027967824307518,0.27035042507593765,0.5828869190398333
UBE2D3,,69458,253639,0.2149756884155532,Macrophages,0.1396324387664399,Vascular/Stromal,Basal-like Structured DCIS Cells,0.0951791274905837,False,0.22606269092359826,0.4874512847362866,0.23850482381229213,0.33805979968605054,0.8291504282454288
EFNA1,,68737,346238,0.1656413036929935,Basal-like Structured DCIS Cells,0.13430271446808426,Immune,Basal-like Structured DCIS Cells,0.1013186001591315,True,0.6490406876192876,0.387647683401912,0.40357782978753354,0.27559743200828474,0.585229951773369
APPBP2,,68515,271504,0.2015034453956984,Basal-like Structured DCIS Cells,0.14312663220099922,Immune,Basal-like Structured DCIS Cells,0.0973558254924565,True,0.6490406876192876,0.3893366302170122,0.40167279172049264,0.2748778400459807,0.5879269015295784
NECTIN2,,68360,331655,0.1708935914903191,Basal-like Structured DCIS Cells,0.10259755293108341,Tumor,Basal-like Structured DCIS Cells,0.131024840912458,True,1.0,0.2686004567348332,0.49205710196706276,0.35462199077320056,0.7008658509770278
TUBB,,68159,167445,0.2892947488158096,Macrophages,0.1274539586741915,Vascular/Stromal,Basal-like Structured DCIS Cells,0.0968212725909927,False,0.22606269092359826,0.48520575649735875,0.2421530794864805,0.3361008477743631,0.8284019188324528
KIF5B,,68010,220895,0.2354061023519842,Basal-like Structured DCIS Cells,0.10557733183810215,Immune,Basal-like Structured DCIS Cells,0.0923077610100823,True,0.6490406876192876,0.3840730335474588,0.40505435496327163,0.26752269037214316,0.5760478391624905
THBS1,,67350,221858,0.2328773754529612,CXCL14+ Fibroblasts,0.10062745001603701,Vascular/Stromal,Macrophages,0.1127542850506083,False,0.6872065242985193,0.49094162145743614,0.2095521854240497,0.3386554234834451,0.8303138738191453
DDB1,,67331,275542,0.1963730010820333,Basal-like Structured DCIS Cells,0.10217493367868419,Tumor,Basal-like Structured DCIS Cells,0.1239061785402582,True,1.0,0.2719074348046608,0.49029092014637854,0.3514454056867308,0.7007249778928948
ANKRD40,,67199,242537,0.2169557300410672,Basal-like Structured DCIS Cells,0.10244169026669207,Tumor,Basal-like Structured DCIS Cells,0.117122488448491,True,1.0,0.2760264552287991,0.4886704689632319,0.35047565807002534,0.700813896755564
ITGB1,,66990,181914,0.2691399093626458,Macrophages,0.12093666029661836,Vascular/Stromal,Basal-like Structured DCIS Cells,0.1047708019341189,False,0.22606269092359826,0.48786435964074454,0.23263706993337782,0.3349423459215243,0.8292881198802481
TOMM7,,66693,167707,0.2845264505119454,Macrophages,0.11713602584942767,Vascular/Stromal,Basal-like Structured DCIS Cells,0.0928892004027656,False,0.22606269092359826,0.48710496506546375,0.2351280399107047,0.33435671706876835,0.8290349883551545
HNRNPU,,66603,266449,0.1999777812473727,Basal-like Structured DCIS Cells,0.12476184813614231,Immune,Basal-like Structured DCIS Cells,0.0922604892676435,True,0.6490406876192876,0.3864891885372123,0.40281784724089614,0.26931288795808517,0.5821552248731495
LEMD3,,66577,357277,0.1570753136693295,CXCL14+ Fibroblasts,0.12436230980150827,Vascular/Stromal,Basal-like Structured DCIS Cells,0.1298520568732645,False,0.22606269092359826,0.49687324512782916,0.22227837872299266,0.3438780987560629,0.8322910817092763
SND1,,66516,273989,0.195345149116753,Macrophages,0.14361437461946994,Vascular/Stromal,Basal-like Structured DCIS Cells,0.1000831246735507,False,-0.2817354334769128,0.4865514621982533,0.24227648998902498,0.3388391113879728,0.8288504873994178
CAPNS1,,66307,202767,0.2464266335654875,Macrophages,0.14513696079635077,Vascular/Stromal,Basal-like Structured DCIS Cells,0.1016805382225165,False,-0.2817354334769128,0.4860909555186103,0.24375998278110048,0.3390583453426826,0.8286969851728702
NQO1,,66291,250642,0.2091640819984034,Basal-like Structured DCIS Cells,0.09851339478154021,Tumor,Basal-like Structured DCIS Cells,0.1279382809666332,True,1.0,0.26980035428691257,0.4917951338109215,0.355171479015878,0.6995044649271801
CNIH1,,66184,188690,0.2596734072522109,Macrophages,0.1315360867598735,Vascular/Stromal,Basal-like Structured DCIS Cells,0.0973235806008809,False,-0.2817354334769128,0.4875718811465344,0.2365828995689791,0.3367890445382586,0.8291906270488448
AFF3,,66062,358319,0.1556667240050803,Basal-like Structured DCIS Cells,0.1486303035945652,Immune,Basal-like Structured DCIS Cells,0.1000547186407396,True,0.6490406876192876,0.3900411022355997,0.40223505085073297,0.277797280858953,0.5897237906171836
RNF187,,65632,203542,0.243827412751603,Basal-like Structured DCIS Cells,0.12656686999585445,Immune,Basal-like Structured DCIS Cells,0.0920056952456252,True,0.6490406876192876,0.3873100602437821,0.4027208588955162,0.27163463386681946,0.5826530606602661
TXN,,65455,217473,0.2313486116609172,Basal-like Structured DCIS Cells,0.11286945304399741,Immune,Basal-like Structured DCIS Cells,0.0951154598961765,True,0.6490406876192876,0.3850588459151558,0.4051906885939477,0.27171571964147373,0.5783429720766131
TSPAN13,,65359,311586,0.173391343564711,Basal-like Structured DCIS Cells,0.10716150801710658,Tumor,Basal-like Structured DCIS Cells,0.138113786777954,True,1.0,0.2692041244126691,0.4920058845526711,0.35540208822389047,0.7023871693390356
RNF11,,65248,157408,0.2930439781546421,CXCL14+ Fibroblasts,0.09979108972352117,Vascular/Stromal,Basal-like Structured DCIS Cells,0.1494300802293817,False,0.22606269092359826,0.4966426250942063,0.20702692360377095,0.34230362383417695,0.8322142083647354
HID1,,64808,376209,0.1469512513123076,Basal-like Structured DCIS Cells,0.1519177567031399,Immune,Basal-like Structured DCIS Cells,0.1028089226265012,True,0.6490406876192876,0.39037325337800644,0.4018299009507006,0.27801985056296197,0.5907894961239019
MAP4,,64771,163218,0.2840970397694625,CXCL14+ Fibroblasts,0.10844705978873286,Vascular/Stromal,Basal-like Structured DCIS Cells,0.128030604438187,False,0.22606269092359826,0.48936286635238935,0.21454000246497182,0.33831377906966037,0.829787622117463
MSI2,,64650,478141,0.1191066174641805,Basal-like Structured DCIS Cells,0.10466695799092592,Tumor,Basal-like Structured DCIS Cells,0.1084961642191233,True,1.0,0.27977532929747306,0.48773019855130073,0.3518943678215337,0.7015556526636421
TAGLN,,64635,106820,0.3769793823452217,Endothelial Cells,0.04128717862987255,Vascular/Stromal,Endothelial Cells,0.0508565842646357,True,1.0,0.4952517071838258,0.18443753760057166,0.33946340633032196,0.8317505690612753
LAMB1,,64530,145528,0.3072008683316036,CXCL14+ Fibroblasts,0.09139871164257399,Vascular/Stromal,CXCL14+ Fibroblasts,0.1162213235348617,True,0.8242828620532252,0.5090791522639038,0.19655282104860494,0.3470141992023944,0.8363597174213012
CDV3,,64395,167405,0.2778041415012942,Macrophages,0.1153233169853714,Immune,Basal-like Structured DCIS Cells,0.0999777898600252,False,0.15835612442790561,0.3887166176571244,0.34410771184750255,0.2676530522534,0.6262377841860461
EZR,,64208,210016,0.2341443491452243,CXCL14+ Fibroblasts,0.12309023410649261,Vascular/Stromal,CXCL14+ Fibroblasts,0.1720440281179956,True,0.9923412618216999,0.5013062006649798,0.2200135685836988,0.3458990495997942,0.8337687335549933
EPCAM,,64014,277965,0.1871869325309448,Basal-like Structured DCIS Cells,0.10229180452340439,Tumor,Basal-like Structured DCIS Cells,0.1223732698946986,True,1.0,0.2761642468295027,0.48947332647406194,0.353922230565562,0.7007639348411349
POSTN,,63687,114528,0.357360491541116,"CAFs, Invasive Associated",0.09027865013093397,Tumor,Dendritic Cells,0.0784791880715118,False,0.8653760231111451,0.1264892252813349,0.5037843514993585,0.39827359577123156,0.752530862711243
MCCC2,,63616,294621,0.1775807635727186,Basal-like Structured DCIS Cells,0.15261495473309353,Immune,Basal-like Structured DCIS Cells,0.0996628457464602,True,0.6490406876192876,0.3908153336323548,0.4011973448815134,0.2776389448824453,0.5909653384729995
GRN,,63528,189566,0.2510055552482477,Basal-like Structured DCIS Cells,0.10241271388962175,Tumor,Basal-like Structured DCIS Cells,0.0970630793212703,True,1.0,0.2768902131272065,0.48750161116227336,0.3436487132195597,0.7008042379632072
H2AZ2,,63134,225321,0.2188694943752058,Macrophages,0.13608205968150738,Vascular/Stromal,Basal-like Structured DCIS Cells,0.0969408586705053,False,-0.2817354334769128,0.48472232940463805,0.2454045384167339,0.33757718269613807,0.8282407764682126
CTNND1,,63010,407080,0.1340381629049756,Basal-like Structured DCIS Cells,0.12568431762022975,Immune,Basal-like Structured DCIS Cells,0.0900696639828396,True,0.6490406876192876,0.3870403101895638,0.4028608907935764,0.2714135653819398,0.5823967126113333
LSP1,,62961,72935,0.463302819803379,Pericytes,0.06076449119723246,Vascular/Stromal,CXCL14+ Fibroblasts,0.0591859827043892,False,0.9966683661061678,0.5059210519853015,0.18419734938496654,0.3446058408471097,0.8353070173284337
BRD2,,62946,206122,0.2339408625328913,CXCL14+ Fibroblasts,0.10071303554079505,Vascular/Stromal,Basal-like Structured DCIS Cells,0.1247190384014954,False,0.22606269092359826,0.49450145087920444,0.20813433198780357,0.34100968657817665,0.8315004836264014
GEM,,62743,89392,0.4124166036743681,Pericytes,0.0590988089575617,Vascular/Stromal,Pericytes,0.0529153287982334,True,0.9980970504281638,0.5052743624157979,0.18629345584310922,0.34459736237014843,0.8350914541385993
FUS,,62193,297517,0.1728976119651941,CXCL14+ Fibroblasts,0.11813181708590524,Vascular/Stromal,Basal-like Structured DCIS Cells,0.094140305666346,False,0.22606269092359826,0.4897919195014765,0.22029180781167906,0.33924959958865486,0.8299306398338255
CALD1,,61803,77935,0.4422776911076443,Endothelial Cells,0.05276348884937301,Vascular/Stromal,CXCL14+ Fibroblasts,0.0991152757752058,False,0.998570406702931,0.4914509474457043,0.19276099172816044,0.3376664177548326,0.8304836491485682
MSMB,,61245,251369,0.1959125311086515,11q13 Invasive Tumor Cells,0.1487971947116387,Tumor,11q13 Invasive Tumor Cells,0.0603618820341727,True,0.9970104566885288,0.1487971947116387,0.5023680103310068,0.40029229678276057,0.7547304484616997
DDX5,,60628,292331,0.1717706589150581,Macrophages,0.1415335389145705,Vascular/Stromal,Basal-like Structured DCIS Cells,0.0995634043412514,False,-0.282546184601846,0.4839657409709695,0.25469432189206176,0.3376395806858792,0.8279885803236565
S100A13,,60445,117051,0.3405428854734754,CXCL14+ Fibroblasts,0.1271860804402304,Vascular/Stromal,CXCL14+ Fibroblasts,0.1079037259894923,True,0.9999999999999999,0.5113675884257687,0.21845468768611848,0.3502734632145626,0.8371225294752561
RAB18,,59876,209116,0.2225939804901261,CXCL14+ Fibroblasts,0.16335849268756455,Vascular/Stromal,Basal-like Structured DCIS Cells,0.1020101478844824,False,-0.282546184601846,0.4866202206415929,0.2494708570523177,0.3422166700314494,0.8288734068805309
SERPINA1,,59337,240546,0.1978671681955962,Basal-like Structured DCIS Cells,0.10467365161890627,Tumor,Basal-like Structured DCIS Cells,0.1412989599009166,True,1.0,0.2609419409801631,0.4950260997823106,0.3560268123666817,0.7015578838729688
CTNNA1,,59280,189156,0.2386127614355407,CXCL14+ Fibroblasts,0.1135111578995332,Vascular/Stromal,Basal-like Structured DCIS Cells,0.1197088805050995,False,0.22606269092359826,0.491597022375373,0.2169953043391406,0.3400981245959538,0.8305323407917911
SCOC,,59186,192432,0.2352216455102576,Basal-like Structured DCIS Cells,0.11378091343477452,Immune,Basal-like Structured DCIS Cells,0.0901330565003419,True,0.6490406876192876,0.3856264657123978,0.4043092586020995,0.27101102883495115,0.5786136231186834
TPD52,,58969,248614,0.1917173575912843,Basal-like Structured DCIS Cells,0.10439651906775615,Immune,Basal-like Structured DCIS Cells,0.0972461103111626,True,0.6490406876192876,0.38379067807835415,0.4076034035006004,0.27496943458063566,0.5757435896210845
SRP68,,58968,235576,0.2002009886468575,Basal-like Structured DCIS Cells,0.1250559011864494,Immune,Basal-like Structured DCIS Cells,0.0973787341459674,True,0.6490406876192876,0.3867174651914112,0.4036973287996359,0.27279736614679173,0.5822200536347826
CCNG2,,58599,230835,0.2024606646074752,CXCL14+ Fibroblasts,0.15799292013413044,Vascular/Stromal,Basal-like Structured DCIS Cells,0.0981981046827018,False,-0.282546184601846,0.48825210181582984,0.24556055231911134,0.3415792785307457,0.8294173672719433
ACADSB,,58502,223388,0.207534854021072,Basal-like Structured DCIS Cells,0.10135846403847826,Tumor,Basal-like Structured DCIS Cells,0.1194214654513547,True,1.0,0.26919977294613057,0.49186771187686584,0.35446721355860183,0.7004528213461594
TIMP3,,58338,202727,0.2234615900254725,CXCL14+ Fibroblasts,0.1147272140942656,Vascular/Stromal,CXCL14+ Fibroblasts,0.1291656241518973,True,0.9999999999999999,0.5052673294662744,0.2136719483226932,0.3472996204027843,0.8350891098220915
COPRS,,58303,184545,0.2400802147845566,Basal-like Structured DCIS Cells,0.11328251434333036,Immune,Basal-like Structured DCIS Cells,0.1007916386412147,True,0.6490406876192876,0.38441374922952115,0.40510053218289005,0.2697872553250553,0.5785861350156436
LRP1,,58161,111014,0.3437919314319491,Pericytes,0.05609883689035187,Vascular/Stromal,CXCL14+ Fibroblasts,0.0917619540881611,False,0.9961886552076206,0.5061816047735201,0.18407938488891357,0.3449207448468505,0.83539386825784
SOX4,,58000,200576,0.2243054266443908,Basal-like Structured DCIS Cells,0.13439017277688525,Immune,Basal-like Structured DCIS Cells,0.0905894831173889,True,0.6490406876192876,0.3892398060681426,0.40106218515013004,0.27185435830626625,0.5850569026462239
CA12,,57855,336008,0.1468911778968829,Basal-like Structured DCIS Cells,0.1253508060876658,Tumor,11q13 Invasive Tumor Cells,0.0803264141613873,False,0.8666666666666667,0.2597252080054007,0.4957666343554733,0.3594404394246218,0.7084502686958887
NRIP1,,57664,197074,0.2263659132127911,CXCL14+ Fibroblasts,0.1454974768697992,Vascular/Stromal,Basal-like Structured DCIS Cells,0.1040435741693176,False,0.22606269092359826,0.4889780992243615,0.23767047410275138,0.3409564851423514,0.8296593664081205
CXXC5,,57644,206900,0.217899479859683,Basal-like Structured DCIS Cells,0.1498567403921474,Immune,Basal-like Structured DCIS Cells,0.0966695155911798,True,0.6490406876192876,0.39061437413201033,0.4006139162556378,0.2754267088438591,0.5900372379388916
NAPA,,57385,207247,0.2168483025484446,Macrophages,0.13533797618111476,Immune,Basal-like Structured DCIS Cells,0.0946031741030396,False,0.15835612442790561,0.3887123772339536,0.3460738485296713,0.27149462937503266,0.6265466841853119
ABHD2,,57374,328988,0.1484980406975841,Basal-like Structured DCIS Cells,0.10726109849241293,Tumor,Basal-like Structured DCIS Cells,0.1189862107760054,True,1.0,0.2794298602469507,0.4888413368386518,0.35607749052921195,0.7024203661641376
PUM2,,57346,219384,0.2072272612293571,Macrophages,0.1281097761638513,Immune,Basal-like Structured DCIS Cells,0.0928526036787966,False,0.1579260028790722,0.38934418617250605,0.33792679780828133,0.2705825760705286,0.6264607200181797
ROCK1,,57092,180808,0.2399831862126944,Basal-like Structured DCIS Cells,0.11980411304515093,Immune,Basal-like Structured DCIS Cells,0.0929724849698472,True,0.6490406876192876,0.3854939447698189,0.40316905875038717,0.2662895631053096,0.580640673563718
STT3B,,57091,160072,0.2628946920055442,CXCL14+ Fibroblasts,0.08298645035215728,Vascular/Stromal,Macrophages,0.1470373191389601,False,0.988538681948424,0.49683742476306536,0.19649596840396014,0.3412125770303069,0.8322791415876885
SERINC1,,57060,148501,0.277581837021614,CXCL14+ Fibroblasts,0.0639160113274633,Vascular/Stromal,CXCL14+ Fibroblasts,0.1477499617465009,True,0.9966629178649119,0.5007533380453523,0.18813291205649268,0.3427453876847354,0.8335844460151174
EEIG1,,57059,273907,0.1724013947051963,Basal-like Structured DCIS Cells,0.10491852038096021,Tumor,Basal-like Structured DCIS Cells,0.1299371719705716,True,1.0,0.27014775766536603,0.4915552518434884,0.3545351949834538,0.7016395067936534
ADAR,,56973,203578,0.2186635246074665,Basal-like Structured DCIS Cells,0.12196696466419639,Immune,Basal-like Structured DCIS Cells,0.0954397748950705,True,0.6490406876192876,0.38588398580427785,0.40327110510836855,0.268371062976502,0.5812802915245339
CYB561,,56903,268712,0.1747554627397386,CXCL14+ Fibroblasts,0.14468923878193463,Vascular/Stromal,Basal-like Structured DCIS Cells,0.1111683414057807,False,0.22606269092359826,0.49220832121150343,0.23653883287600933,0.3428521683418127,0.8307361070705012
PPM1A,,56901,186617,0.233662398672788,Macrophages,0.14265171422162104,Vascular/Stromal,Basal-like Structured DCIS Cells,0.0951133915848665,False,-0.2817354334769128,0.4862255606827062,0.24247228814013572,0.3385508885315317,0.828741853560902
PERP,,56868,232587,0.1964657718816396,CXCL14+ Fibroblasts,0.16194366843281494,Vascular/Stromal,Basal-like Structured DCIS Cells,0.0966531339196573,False,-0.282546184601846,0.48765274756816646,0.24832647340317573,0.34222583167103865,0.829217582522722
CD24,,56851,164781,0.256510792665319,CXCL14+ Fibroblasts,0.19200670830356373,Vascular/Stromal,CXCL14+ Fibroblasts,0.1448029966119249,True,0.9923297045830576,0.5107950779339332,0.258565588269797,0.3548528872090252,0.8369316926446443
SAT1,,56746,177071,0.2426940727149865,CXCL14+ Fibroblasts,0.11958884332276007,Vascular/Stromal,Basal-like Structured DCIS Cells,0.1396087508616671,False,0.22606269092359826,0.4914517917799256,0.22081874971101775,0.34039327021124904,0.8304839305933086
GPBP1,,56610,185835,0.2334962568830044,CXCL14+ Fibroblasts,0.10937531106434299,Vascular/Stromal,Basal-like Structured DCIS Cells,0.1203949893834077,False,0.22606269092359826,0.4913595455534934,0.21446698906153286,0.3396245441642885,0.8304531818511646
DYNLT3,,56075,176526,0.2410780693118258,CXCL14+ Fibroblasts,0.12871395595380364,Vascular/Stromal,Basal-like Structured DCIS Cells,0.1321993748623227,False,0.22606269092359826,0.49233684195332794,0.2264075374459944,0.34177716000764663,0.8307789473177759
IRX3,,55779,235996,0.1911712792391397,CXCL14+ Fibroblasts,0.1227800944028372,Vascular/Stromal,Basal-like Structured DCIS Cells,0.1450824245689018,False,0.22606269092359826,0.5000574983919054,0.22005643619365306,0.3451975243116175,0.8333524994639685
AKT1,,55667,238030,0.1895388785040364,Macrophages,0.14620023507347232,Vascular/Stromal,Basal-like Structured DCIS Cells,0.0933786155291556,False,-0.282546184601846,0.48423994160991174,0.2546191542227022,0.3384235060526142,0.8280799805366373
NFIC,,55534,141056,0.2824863930006612,CXCL14+ Fibroblasts,0.0889631859248465,Vascular/Stromal,Basal-like Structured DCIS Cells,0.1267899470597694,False,0.22606269092359826,0.49557944811524857,0.20064596301129836,0.3408544567969995,0.8318598160384162
H1-4,,55417,112143,0.3307292910002387,CXCL14+ Fibroblasts,0.05269054323458324,Vascular/Stromal,CXCL14+ Fibroblasts,0.0969185361907667,True,0.998570406702931,0.5000018634644651,0.1836320068593251,0.34136374294041055,0.833333954488155
NFIX,,54994,117085,0.3195857716513927,CXCL14+ Fibroblasts,0.05616055398969648,Vascular/Stromal,CXCL14+ Fibroblasts,0.1254127813485493,True,0.998570406702931,0.49838434065224135,0.18529545056343713,0.340931235789525,0.8327947802174137
UBE2H,,54989,234966,0.1896466693107551,Basal-like Structured DCIS Cells,0.12490026385582977,Immune,Basal-like Structured DCIS Cells,0.0939294534602716,True,0.6490406876192876,0.38630405133351176,0.4033304948092531,0.27062934749562567,0.5822081491259894
HNRNPUL1,,54917,166432,0.2481014145083104,CXCL14+ Fibroblasts,0.13146223406301802,Vascular/Stromal,Basal-like Structured DCIS Cells,0.1040704172150656,False,0.22606269092359826,0.48832964497983483,0.22891274777095058,0.3394275740999446,0.8294432149932782
PTTG1IP,,54893,187366,0.2265880730953236,Macrophages,0.12297352927813204,Vascular/Stromal,Basal-like Structured DCIS Cells,0.0971806346977864,False,-0.2817354334769128,0.4853820821269207,0.24132885144655739,0.33545354046940723,0.8284606940423069
YY1AP1,,54876,185530,0.2282638536475795,CXCL14+ Fibroblasts,0.13800281373222145,Vascular/Stromal,Basal-like Structured DCIS Cells,0.1004373435062274,False,-0.2817354334769128,0.4877990825185811,0.23322320613753114,0.3395770374749364,0.8292663608395271
LAMTOR1,,54612,164104,0.2496936666727628,Macrophages,0.12902463137708936,Vascular/Stromal,Basal-like Structured DCIS Cells,0.097503910092609,False,0.22606269092359826,0.4869383000566748,0.23800125149449122,0.33630737115640613,0.828979433352225
KHDRBS1,,54481,172977,0.2395211423647442,CXCL14+ Fibroblasts,0.1315302568525486,Vascular/Stromal,Basal-like Structured DCIS Cells,0.0975531685264261,False,-0.2817354334769128,0.48811964625679416,0.2290308606344277,0.33924200508998664,0.8293732154189314
SPRY1,,54317,96759,0.3595342741401678,"CAFs, DCIS Associated",0.15297422602320426,Vascular/Stromal,CXCL14+ Fibroblasts,0.1227120050523158,False,0.5190018956728985,0.5179789472788618,0.2790799731145614,0.38492277911831607,0.8393263157596206
RAB25,,54287,194749,0.2179885639024076,Basal-like Structured DCIS Cells,0.1051165582028876,Tumor,Basal-like Structured DCIS Cells,0.112536066406679,True,1.0,0.27835923662518347,0.48901735885378217,0.3547757509223914,0.7017055194009626
SPATA20,,54010,302720,0.1514030218933086,Basal-like Structured DCIS Cells,0.1048663526202568,Tumor,Basal-like Structured DCIS Cells,0.1454827773335896,True,1.0,0.2667622708853552,0.49222131424738247,0.3526332359460345,0.7016221175400856
IGFBP4,,53983,111298,0.3266134643425439,Endothelial Cells,0.05980699155347621,Vascular/Stromal,Macrophages,0.1178677345645489,False,0.9871254736748173,0.49206513818351627,0.19444220732333242,0.3382585758046513,0.8306883793945055
ZFP36L2,,53864,106926,0.334995957460041,CXCL14+ Fibroblasts,0.0547090469116606,Vascular/Stromal,CXCL14+ Fibroblasts,0.1053839691861533,True,0.998570406702931,0.49827488462082414,0.18366077036926587,0.34065889270349975,0.832758294873608
SLC40A1,,53539,125148,0.29962448303458,CXCL14+ Fibroblasts,0.11502075768210597,Vascular/Stromal,Basal-like Structured DCIS Cells,0.1337614675152345,False,0.22606269092359826,0.4905952525734329,0.21777062388796115,0.33970931575313695,0.8301984175244775
YIPF3,,53474,173420,0.2356783343764048,CXCL14+ Fibroblasts,0.10628786118758723,Vascular/Stromal,Basal-like Structured DCIS Cells,0.1267799952504464,False,0.22606269092359826,0.49474670777105195,0.21174158621949674,0.34151870298023457,0.8315822359236841
MAP1LC3B,,53065,170086,0.2377986206649309,Basal-like Structured DCIS Cells,0.10765760579054678,Tumor,Basal-like Structured DCIS Cells,0.1026042307406942,True,1.0,0.27929612285754546,0.48727899623668325,0.3492882733420059,0.7025525352635156
GHITM,,53052,160255,0.2487119503813752,CXCL14+ Fibroblasts,0.13480720388753936,Vascular/Stromal,Basal-like Structured DCIS Cells,0.1079862301273899,False,0.22606269092359826,0.48842205857694776,0.23114004478646413,0.33973155446989184,0.8294740195256493
AKR1A1,,53022,200905,0.2088080432565265,Macrophages,0.14128868331082198,Vascular/Stromal,Basal-like Structured DCIS Cells,0.0955885633161406,False,-0.282546184601846,0.4839845925759739,0.25450877544100015,0.33754314794598494,0.8279948641919913
CCT3,,52851,191374,0.2164029071552871,Basal-like Structured DCIS Cells,0.10433279149025253,Immune,Basal-like Structured DCIS Cells,0.1006384396293973,True,0.6490406876192876,0.38305796793312674,0.40732182331882105,0.27208050199636213,0.5757377076463915
GASK1B,,52772,184831,0.2221015727915893,Macrophages,0.1438505862489949,Vascular/Stromal,Basal-like Structured DCIS Cells,0.0993087931732157,False,0.22606269092359826,0.486296334964507,0.2417439165123288,0.3387716445182803,0.8287654449881691
PIK3R1,,52769,147846,0.2630361637963262,CXCL14+ Fibroblasts,0.06073715745724798,Vascular/Stromal,CXCL14+ Fibroblasts,0.1108395893573188,True,0.9966629178649119,0.504043260259351,0.18876478624691267,0.344405692727627,0.834681086753117
DDX42,,52308,340341,0.1332182177975749,Basal-like Structured DCIS Cells,0.12947671716289044,Immune,Basal-like Structured DCIS Cells,0.0960675703234414,True,0.6490406876192876,0.38755353737401327,0.4024110179865937,0.27169997864901496,0.5835949691951531
CHAD,,52227,235975,0.1812166466575527,Basal-like Structured DCIS Cells,0.13296479007063258,Tumor,11q13 Invasive Tumor Cells,0.1367970951456603,False,0.8692653731488574,0.2550964195897921,0.49754701830735854,0.3603274253082609,0.7109882633568776
UBQLN1,,51968,166025,0.2383929759212451,Macrophages,0.1439987579325287,Vascular/Stromal,Basal-like Structured DCIS Cells,0.0990500162877447,False,-0.2817354334769128,0.4860633985387423,0.243126553724636,0.3388296511493105,0.828687799512914
RABEP1,,51799,165608,0.2382581977581218,CXCL14+ Fibroblasts,0.1077757342026148,Vascular/Stromal,CXCL14+ Fibroblasts,0.1634344223770294,True,0.9923412618216999,0.4987717498674142,0.21129729766722405,0.3437808596087032,0.8329239166224713
ZNF664,,51476,170055,0.2323647706190104,Basal-like Structured DCIS Cells,0.09916066975399225,Immune,Basal-like Structured DCIS Cells,0.0934263942951882,True,0.6490406876192876,0.3828436381176838,0.40649109775187126,0.2680094760234295,0.5741055601932301
SLC35F5,,51436,230221,0.1826192851588989,CXCL14+ Fibroblasts,0.13776384889140353,Vascular/Stromal,Basal-like Structured DCIS Cells,0.1041736917598649,False,0.22606269092359826,0.48937572331655765,0.23272058147380195,0.3406996448146406,0.8297919077721859
MCL1,,51378,164273,0.2382460549684444,CXCL14+ Fibroblasts,0.09959937210987874,Vascular/Stromal,Macrophages,0.1251614780078247,False,0.6806918281710057,0.4911302075575525,0.2085932329789832,0.3386381985312985,0.8303767358525175
ERRFI1,,51217,376650,0.1197030853045455,Basal-like Structured DCIS Cells,0.13933567181511666,Immune,Basal-like Structured DCIS Cells,0.110292074620697,True,0.6490406876192876,0.38835321214492924,0.40269138048991265,0.2755177284348197,0.5868229824231308
UBC,,50987,125307,0.2892157418857136,CXCL14+ Fibroblasts,0.07997690273414251,Vascular/Stromal,Macrophages,0.1367184776762325,False,0.988538681948424,0.4954387133928746,0.19518379658979468,0.340183697574551,0.8318129044642916
TMCO3,,50893,232014,0.1798930390552372,Basal-like Structured DCIS Cells,0.1272570766079018,Immune,Basal-like Structured DCIS Cells,0.1013274866848185,True,0.6490406876192876,0.3863668677288559,0.4040852920031834,0.2733885681550322,0.5829941283731459
RAN,,50889,141636,0.2643241137514608,Macrophages,0.11923125119279111,Immune,Basal-like Structured DCIS Cells,0.0896060897979567,False,0.1579260028790722,0.3891349641995957,0.33752586424177194,0.2689491227531029,0.6262286518860694
ZKSCAN1,,50735,254594,0.1661650219926702,Basal-like Structured DCIS Cells,0.0994306490158106,Tumor,Basal-like Structured DCIS Cells,0.1102984272270711,True,1.0,0.2736693651003947,0.4898832385029815,0.3524342915246181,0.6998102163386036
MMP2,,50694,55414,0.4777585101971576,Macrophages,0.05206179042823776,Immune,Macrophages,0.0563000633216071,True,0.3318646446792027,0.39115047519734186,0.4020304727150596,0.2390416619600945,0.6017138460241914
KDM2A,,50673,223003,0.1851569008608719,Macrophages,0.14241778934387422,Vascular/Stromal,Basal-like Structured DCIS Cells,0.0927416950007962,False,0.22606269092359826,0.485416253946786,0.2442002161513483,0.33842329961132356,0.8284720846489287
APOE,,50630,69997,0.4197236108002354,Macrophages,0.09043334162092986,Immune,Macrophages,0.1057065356191456,True,1.0,0.39242484274779077,0.32927820823196974,0.2642713166212829,0.6263528153411619
RNF10,,50485,148174,0.2541289345058618,Macrophages,0.11569661189155812,Immune,Basal-like Structured DCIS Cells,0.0911730443377975,False,0.1579260028790722,0.38918538702228556,0.3370314243714886,0.2684502959476292,0.6262650525918634
STOM,,50411,157289,0.2427106403466538,Macrophages,0.10248798596997755,Vascular/Stromal,Basal-like Structured DCIS Cells,0.1128204257570566,False,0.22606269092359826,0.4863249575002542,0.23655438295656736,0.3323721133424445,0.828774985833418
JPT2,,50394,201620,0.1999650813050068,Basal-like Structured DCIS Cells,0.11694233831722858,Immune,Basal-like Structured DCIS Cells,0.0971294145126812,True,0.6490406876192876,0.38551887724961686,0.40547785210165943,0.274249607859033,0.5796950536686907
RAB11A,,50313,170439,0.2279163948684496,Basal-like Structured DCIS Cells,0.1037163235158507,Immune,Basal-like Structured DCIS Cells,0.0987843994329878,True,0.6490406876192876,0.38289797105381984,0.4067954459165771,0.2701469949098166,0.5755694146627918
HELZ,,50288,243299,0.1712882382394316,Basal-like Structured DCIS Cells,0.12557996689476916,Immune,Basal-like Structured DCIS Cells,0.0980677626179118,True,0.6490406876192876,0.3863330390018887,0.40345992509747164,0.27096359385404784,0.5824408290282813
TBC1D30,,50180,286331,0.1491184537801141,CXCL14+ Fibroblasts,0.12180778447231075,Vascular/Stromal,Basal-like Structured DCIS Cells,0.1563308006022415,False,0.22606269092359826,0.5010735387350278,0.2193697405378238,0.3456153752109886,0.8336911795783427
GOLPH3,,50161,149911,0.2507147426926306,CXCL14+ Fibroblasts,0.12017836560180581,Vascular/Stromal,Basal-like Structured DCIS Cells,0.1309065697543074,False,0.22606269092359826,0.49314748178331663,0.2207841654426425,0.34150783716257294,0.8310491605944389
SYF2,,49982,112438,0.3077330378032262,CXCL14+ Fibroblasts,0.08889097822682278,Vascular/Stromal,Basal-like Structured DCIS Cells,0.1310321656024653,False,0.22606269092359826,0.4943852505847888,0.20092350018749214,0.3401518704307846,0.8314617501949296
ARF6,,49821,138715,0.2642519200577078,Basal-like Structured DCIS Cells,0.10932053820337925,Immune,Basal-like Structured DCIS Cells,0.0961757169295894,True,0.6490406876192876,0.38333710636522794,0.4057070546425539,0.26731117671169907,0.5773891488304901
PIM3,,49805,214279,0.1885952954363005,Basal-like Structured DCIS Cells,0.11176129740572704,Tumor,Basal-like Structured DCIS Cells,0.1058430323101412,True,1.0,0.28116905100305334,0.48701533779497386,0.3508006156641366,0.7039204324685757
ATP5F1A,,49571,166483,0.2294380108676534,Basal-like Structured DCIS Cells,0.10151214587357635,Tumor,Basal-like Structured DCIS Cells,0.0964401294876863,True,1.0,0.28024322194104284,0.48676976137053546,0.3479999227778569,0.7005040486245254
KMT2E,,49545,179137,0.2166545683525594,CXCL14+ Fibroblasts,0.12898843876029287,Vascular/Stromal,Basal-like Structured DCIS Cells,0.099595463353392,False,0.22606269092359826,0.48836964803891725,0.22735463906225753,0.33927010858294204,0.8294565493463057
CAPN1,,49508,224057,0.1809734432401805,Basal-like Structured DCIS Cells,0.126482419446409,Tumor,11q13 Invasive Tumor Cells,0.1386465758076047,False,0.8692653731488574,0.25677063552747437,0.4961502094771507,0.357286872870107,0.708827473148803
CITED2,,49463,141589,0.2588981010405544,CXCL14+ Fibroblasts,0.07084760068303421,Vascular/Stromal,CXCL14+ Fibroblasts,0.1286063270971992,True,0.9966629178649119,0.5019061249661918,0.19189411341734064,0.3435893596295501,0.833968708322064
TSPAN31,,49233,220533,0.182502613376037,CXCL14+ Fibroblasts,0.1198398164117912,Vascular/Stromal,Basal-like Structured DCIS Cells,0.125634956374685,False,0.22606269092359826,0.4961988908289026,0.2197852999955451,0.3432007349289042,0.8320662969429676
NUCB2,,49230,185109,0.2100802683292153,CXCL14+ Fibroblasts,0.1284265282269212,Vascular/Stromal,Basal-like Structured DCIS Cells,0.1012429908327642,False,0.22606269092359826,0.4912385507131413,0.22650827092661358,0.3409638457819458,0.8304128502377138
YEATS4,,49212,211764,0.1885690638219606,Basal-like Structured DCIS Cells,0.10687388535544441,Tumor,Basal-like Structured DCIS Cells,0.1137348204000004,True,1.0,0.27749667726507954,0.48898986498801006,0.35362204764103183,0.7022912951184814
ARFGEF1,,49186,231839,0.1750235744150876,Basal-like Structured DCIS Cells,0.13024900852938026,Immune,Basal-like Structured DCIS Cells,0.0947670504046539,True,0.6490406876192876,0.3876737167472738,0.4023919556203084,0.27168098057106427,0.5838317593121728
TGOLN2,,49177,198334,0.1986861190007716,CXCL14+ Fibroblasts,0.10089539528534544,Vascular/Stromal,Basal-like Structured DCIS Cells,0.1071270142072788,False,0.22606269092359826,0.4919897363325915,0.20919599761300806,0.3393974633200391,0.8306632454441972
LASP1,,49025,146236,0.2510742032459119,CXCL14+ Fibroblasts,0.09524609534284169,Vascular/Stromal,Basal-like Structured DCIS Cells,0.1329538956477641,False,0.22606269092359826,0.49419244799103174,0.20500037672932284,0.34039130097573844,0.8313974826636773
SLC7A2,,48981,207206,0.1911923711976017,CXCL14+ Fibroblasts,0.11120400953961804,Vascular/Stromal,CXCL14+ Fibroblasts,0.1675766460091991,True,0.9923412618216999,0.5017973775402723,0.2123747917816436,0.3453257505765203,0.8339324591800907
CALM2,,48885,126862,0.2781555303931219,CXCL14+ Fibroblasts,0.1175469748541552,Vascular/Stromal,Basal-like Structured DCIS Cells,0.117249898865871,False,0.22606269092359826,0.49059350099304305,0.2197493507547829,0.3397277340974258,0.8301978336643477
PDS5A,,48850,226765,0.1772399905665511,Basal-like Structured DCIS Cells,0.10557100646743224,Immune,Basal-like Structured DCIS Cells,0.0937520605033426,True,0.6490406876192876,0.3834444651438604,0.4060508739800081,0.2691257102790981,0.5761164283138966
GLUD1,,48823,182765,0.210818349828143,CXCL14+ Fibroblasts,0.1326768237853126,Vascular/Stromal,Basal-like Structured DCIS Cells,0.1136785979638409,False,0.22606269092359826,0.4896778448722936,0.22948093798282088,0.3404404125900154,0.8298926149574312
C1orf21,,48764,131150,0.2710406082906277,CXCL14+ Fibroblasts,0.06072849357306581,Vascular/Stromal,CXCL14+ Fibroblasts,0.1376405916542106,True,0.9966629178649119,0.5023904123133296,0.18796075500712456,0.34344782160687587,0.8341301374377764
EIF4EBP2,,48691,121357,0.2863367990214527,CXCL14+ Fibroblasts,0.10948267118331541,Vascular/Stromal,Basal-like Structured DCIS Cells,0.1148281507781257,False,0.22606269092359826,0.4900793540475611,0.21483712065126945,0.33873054575331,0.8300264513491871
NUCKS1,,48628,133328,0.2672514234210468,Macrophages,0.12743325201632438,Immune,Basal-like Structured DCIS Cells,0.0917053455651731,False,0.15835612442790561,0.3879245650319589,0.3469409619680362,0.27006823629586435,0.6261809389735326
SCD,,48183,177978,0.2130473423799859,Basal-like Structured DCIS Cells,0.1273313555425658,Tumor,11q13 Invasive Tumor Cells,0.1493457310480214,False,0.8692653731488574,0.2718400785614421,0.490969124505894,0.3536479715565572,0.709110451847522
UBA1,,48110,214551,0.1831638499815351,CXCL14+ Fibroblasts,0.14089296362541223,Vascular/Stromal,Basal-like Structured DCIS Cells,0.103326167883166,False,-0.2817354334769128,0.48794312114729566,0.2350636845136526,0.3399324040659839,0.8293143737157652
UBE2Q1,,48037,157700,0.2334874135425324,Basal-like Structured DCIS Cells,0.1087768554919082,Immune,Basal-like Structured DCIS Cells,0.1004232190312507,True,0.6490406876192876,0.38333481055005675,0.40635391539572324,0.2700968647374024,0.5771768318741005
IER3IP1,,48005,200991,0.1927942617552089,Basal-like Structured DCIS Cells,0.10655004865279127,Tumor,Basal-like Structured DCIS Cells,0.1399657477067443,True,1.0,0.2636652260976446,0.49334475093713764,0.35340128924407377,0.7021833495509305
PCMTD1,,47924,167325,0.2226444722158988,CXCL14+ Fibroblasts,0.10084493963513698,Vascular/Stromal,Basal-like Structured DCIS Cells,0.1131003742367455,False,0.22606269092359826,0.49263668105172825,0.20870912236613365,0.33988023052279465,0.8308788936839094
IER5,,47654,155546,0.234517716535433,CXCL14+ Fibroblasts,0.13695155239971224,Vascular/Stromal,Basal-like Structured DCIS Cells,0.1113439119470533,False,0.22606269092359826,0.4897073745598226,0.23216299073404847,0.340706607183268,0.8299024581866075
SPAG9,,47644,214136,0.1820001528000611,Basal-like Structured DCIS Cells,0.12985571663859893,Immune,Basal-like Structured DCIS Cells,0.0954333405584912,True,0.6490406876192876,0.3874206302868078,0.4022489212169563,0.27077137187637995,0.5837419364671034
PLPP3,,47587,115662,0.291499488511415,Pericytes,0.054541283699082156,Vascular/Stromal,CXCL14+ Fibroblasts,0.055609147214609,False,0.9947645105835197,0.5042382634708453,0.1819146146652178,0.3438237451908695,0.834746087823615
TMX2,,47469,223317,0.1753007910305555,Basal-like Structured DCIS Cells,0.11323759072847434,Immune,Basal-like Structured DCIS Cells,0.1061178383914842,True,0.6490406876192876,0.38406004031297447,0.4055457274722148,0.2703215503301209,0.5785962279549909
IQGAP1,,47351,164141,0.2238902653528265,Basal-like Structured DCIS Cells,0.12026754832054717,Immune,Basal-like Structured DCIS Cells,0.0903239260561941,True,0.6490406876192876,0.38614797181364463,0.40318617887073316,0.26870515663439115,0.5806741659860265
PLEC,,47294,201928,0.1897665535145372,Macrophages,0.12050116076429128,Vascular/Stromal,Basal-like Structured DCIS Cells,0.0951356981586902,False,-0.2817354334769128,0.4860104741280466,0.23779956825124274,0.33479446333233875,0.8286701580426822
MUC1,,47270,166441,0.2211865556756554,"CAFs, DCIS Associated",0.20365790408171477,Vascular/Stromal,CXCL14+ Fibroblasts,0.2020706971390442,False,0.8331850065043106,0.5340255698138531,0.3078905959783348,0.4143170561439045,0.8446751899379511
LAMP1,,47172,165146,0.2221761697077026,Basal-like Structured DCIS Cells,0.11613945734944936,Immune,Basal-like Structured DCIS Cells,0.0988639986941715,True,0.6490406876192876,0.3852839626550731,0.4040244318707488,0.26908300002470675,0.5794538415456973
DDAH2,,47035,135099,0.2582439302930809,CXCL14+ Fibroblasts,0.12001333240530902,Vascular/Stromal,Basal-like Structured DCIS Cells,0.1022866968630083,False,0.22606269092359826,0.48926513226989005,0.2217584533853826,0.33900038240607266,0.8297550440899634
HSPA1B,,46812,185506,0.2014996685577527,Basal-like Structured DCIS Cells,0.11833183679993108,Immune,Basal-like Structured DCIS Cells,0.0936527082792884,True,0.6490406876192876,0.3858314666259882,0.40456838005618706,0.2727124328583152,0.5801190430798266
RANBP2,,46630,164664,0.2206877620755913,CXCL14+ Fibroblasts,0.10562075639886692,Vascular/Stromal,Basal-like Structured DCIS Cells,0.1127224237794742,False,0.22606269092359826,0.49216867921752394,0.2119233211461719,0.3399602190619679,0.830722893072508
ARPP19,,46578,173045,0.2120816125815602,Basal-like Structured DCIS Cells,0.1049526290395158,Tumor,Basal-like Structured DCIS Cells,0.0971384545484701,True,1.0,0.28088373998574145,0.48707564919350343,0.35097746298741883,0.7016508763465054
MAL2,,46340,197890,0.1897391802808827,Basal-like Structured DCIS Cells,0.11552745515892168,Immune,Basal-like Structured DCIS Cells,0.0983461086412301,True,0.6490406876192876,0.3853145988283765,0.4062894843054444,0.2754501514408588,0.5792928897509863
SRSF4,,46261,168396,0.2155112574945145,CXCL14+ Fibroblasts,0.11615308064648915,Vascular/Stromal,Basal-like Structured DCIS Cells,0.103906412789319,False,0.22606269092359826,0.4895270762400252,0.2191448780848139,0.3389485367106249,0.8298423587466751
LRRC59,,46148,170471,0.2130376375110216,CXCL14+ Fibroblasts,0.16944101259009073,Vascular/Stromal,Basal-like Structured DCIS Cells,0.1018816188526326,False,-0.282546184601846,0.48722297317044166,0.25311548751219753,0.3434934579695244,0.8290743243901472
GPX4,,46137,115914,0.2847066664198308,CXCL14+ Fibroblasts,0.1308138940600084,Vascular/Stromal,Basal-like Structured DCIS Cells,0.104956388313149,False,0.22606269092359826,0.48948004978445336,0.22847419258178508,0.33997260494003456,0.8298266832614845
EEF1A2,,46079,148798,0.236451710566152,Basal-like Structured DCIS Cells,0.13805579099177578,Tumor,11q13 Invasive Tumor Cells,0.1418449520942782,False,0.8692653731488574,0.25779639323797515,0.497139736905588,0.3613666911765523,0.7126852636639253
GTF2I,,46049,213572,0.1773700894765831,Macrophages,0.1469503252614197,Vascular/Stromal,Basal-like Structured DCIS Cells,0.0947789581310746,False,-0.2817354334769128,0.4846973831988295,0.24704818919722485,0.33929353714636185,0.8282324610662766
NCOR1,,45982,192174,0.1930751272275315,Macrophages,0.12384226398578893,Immune,Basal-like Structured DCIS Cells,0.0907480855091346,False,0.1579260028790722,0.38979185399148464,0.33643680051265507,0.26994822889309467,0.6265468697825337
CEBPD,,45966,114109,0.287152897079494,CXCL14+ Fibroblasts,0.08488260885964811,Vascular/Stromal,Macrophages,0.106316082889569,False,0.6806918281710057,0.4930977429162214,0.19907761350909908,0.33849614915314474,0.8310325809720739
SFRP1,,45890,84758,0.3512491580429857,"CAFs, DCIS Associated",0.09669460887939874,Vascular/Stromal,Plasma Cells,0.1188702659522537,False,0.9980392156862746,0.5273877274947854,0.27437169529987127,0.39503815964870403,0.8424625758315951
HAPSTR1,,45743,162015,0.2201744337161505,Macrophages,0.13845021762322335,Vascular/Stromal,Basal-like Structured DCIS Cells,0.1008747614883751,False,0.22606269092359826,0.48693739183880974,0.2400710863297128,0.33793869323605213,0.8289791306129365
KTN1,,45709,179015,0.2034006158665741,Macrophages,0.1400595227780376,Vascular/Stromal,Basal-like Structured DCIS Cells,0.0947539802684569,False,-0.2817354334769128,0.4858063311416436,0.2428570335141312,0.3381581515081575,0.8286021103805479
CHP1,,45659,131560,0.257641674989702,Macrophages,0.1371394408189797,Immune,Basal-like Structured DCIS Cells,0.09609345489291,False,0.15835612442790561,0.38885633130897423,0.34595527287362743,0.27181339519035497,0.6265970942440723
FARP1,,45607,264016,0.147298488807356,Basal-like Structured DCIS Cells,0.09572964626578018,Tumor,Basal-like Structured DCIS Cells,0.1140144786577347,True,1.0,0.27446269460208794,0.4891857013589379,0.349884844220885,0.69857654875526
TRPS1,,45536,207491,0.1799649839740423,CXCL14+ Fibroblasts,0.12453834902649555,Vascular/Stromal,CXCL14+ Fibroblasts,0.1220115996262185,True,0.9980897803247372,0.5084248911282979,0.2175784695372835,0.3486403728783411,0.8361416303760993
TGFBR2,,45411,80624,0.3603046772721863,Endothelial Cells,0.04156697736913503,Vascular/Stromal,Endothelial Cells,0.0329009365250621,True,1.0,0.49910963120563234,0.18032885186398956,0.3409045426342434,0.8330365437352109
UBE2D2,,45266,139128,0.2454852110155428,CXCL14+ Fibroblasts,0.11961643506325058,Vascular/Stromal,Basal-like Structured DCIS Cells,0.1069376682787939,False,0.22606269092359826,0.4899580123363909,0.22125611270106488,0.33951516872803483,0.8299860041121304
GNG12,,45141,107609,0.2955220949263502,CXCL14+ Fibroblasts,0.10275540775961538,Vascular/Stromal,Basal-like Structured DCIS Cells,0.1162615912836915,False,0.22606269092359826,0.49058477672786677,0.21073278791974898,0.3384831793553283,0.8301949255759555
KANK2,,45128,52429,0.4625808501696444,Pericytes,0.046253646471521054,Vascular/Stromal,Endothelial Cells,0.0524987161277538,False,0.9942911512844911,0.5038689266888399,0.1811146850805531,0.3435647991390421,0.8346229755629467
TRIP12,,45074,171193,0.2084182977523154,Macrophages,0.12207475571132533,Immune,Basal-like Structured DCIS Cells,0.0915267686436857,False,0.553113063888932,0.3866712442453436,0.4024644930595208,0.24926123502240158,0.5960514839466942
SYT7,,45057,275163,0.1407063893573168,Basal-like Structured DCIS Cells,0.13624806811256973,Immune,Basal-like Structured DCIS Cells,0.1035319619773262,True,0.6490406876192876,0.387998762243297,0.4038320952741795,0.27674129252223445,0.5858730259394028
CD151,,45001,179029,0.2008704191402937,CXCL14+ Fibroblasts,0.09962141547968534,Vascular/Stromal,Basal-like Structured DCIS Cells,0.1239856257582635,False,0.22606269092359826,0.4959055351860569,0.20732104332719753,0.34181194876281673,0.8319685117286856
HMG20B,,44964,176335,0.2031821201180303,Basal-like Structured DCIS Cells,0.12148263132340094,Immune,Basal-like Structured DCIS Cells,0.0972655651840016,True,0.6490406876192876,0.3859288325877015,0.4040712172188609,0.271537227144862,0.5811282264019185
CCDC6,,44904,106059,0.2974503686333737,CXCL14+ Fibroblasts,0.11039778647932937,Vascular/Stromal,CXCL14+ Fibroblasts,0.1229656120916994,True,0.9999999999999999,0.5048761926566279,0.21079441812559335,0.3465881214373302,0.8349587308855426
SERPINB6,,44866,161773,0.2171226148016589,Macrophages,0.12690980013036474,Immune,Basal-like Structured DCIS Cells,0.0920373744127183,False,0.15835612442790561,0.3888601511635363,0.34483576328124677,0.26966125103454913,0.6263581291396875
TPM2,,44818,99248,0.3110935265780961,Endothelial Cells,0.04060610267707497,Vascular/Stromal,CXCL14+ Fibroblasts,0.0906184229723312,False,0.9980952363659128,0.4949865598287325,0.18381017736769972,0.3391092576683304,0.8316621866095776
GOLGB1,,44790,196279,0.1857974272926008,CXCL14+ Fibroblasts,0.13820452919752876,Vascular/Stromal,Basal-like Structured DCIS Cells,0.1042648333817704,False,0.22606269092359826,0.489672435446322,0.23302354330657177,0.34084512526799104,0.8298908118154408
TAF7,,44782,120753,0.2705288911710514,CXCL14+ Fibroblasts,0.09266789115623307,Vascular/Stromal,CXCL14+ Fibroblasts,0.1413729050799926,True,0.9980897803247372,0.5011164922201203,0.20100048245999003,0.3439139944934437,0.8337054974067067
OGA,,44756,189485,0.191068173376992,CXCL14+ Fibroblasts,0.09785710225947265,Vascular/Stromal,Basal-like Structured DCIS Cells,0.1276825654416007,False,0.22606269092359826,0.4933681720714285,0.20674154549438467,0.340137278406602,0.8311227240238095
NME1,,44588,191862,0.1885726369211249,Basal-like Structured DCIS Cells,0.10621762269041225,Tumor,Basal-like Structured DCIS Cells,0.1364054508839237,True,1.0,0.2680132632995589,0.49231669149729196,0.3541615173626186,0.702072540896804
GRINA,,44512,170444,0.2070749362660265,Macrophages,0.12987009644314412,Immune,Basal-like Structured DCIS Cells,0.0957888674121056,False,0.15835612442790561,0.3886408117550094,0.3456241672676834,0.2704648751522033,0.6264588066798503
SRSF2,,44403,208764,0.1753901574849802,Basal-like Structured DCIS Cells,0.12251096130237503,Immune,Basal-like Structured DCIS Cells,0.091842466944825,True,0.6490406876192876,0.38607731497188397,0.4032157640611196,0.26882396213610676,0.581440304943954
PRPF8,,44293,142588,0.2370117882502769,CXCL14+ Fibroblasts,0.08199643179849515,Vascular/Stromal,Macrophages,0.1392275539102622,False,0.988538681948424,0.4958634293095568,0.1960677777324992,0.3405695220105973,0.8319544764365189
RNF7,,44230,120424,0.2686239022434924,CXCL14+ Fibroblasts,0.13604879006179746,Vascular/Stromal,Basal-like Structured DCIS Cells,0.1020436976027256,False,0.22606269092359826,0.48897695804218644,0.23178091483887736,0.34028814642966454,0.8296589860140622
CCNI,,44216,124264,0.2624406457739791,Macrophages,0.13744051965291082,Vascular/Stromal,Basal-like Structured DCIS Cells,0.0977663562466844,False,-0.2817354334769128,0.48628776133728635,0.2410818504991906,0.3377530204024323,0.8287625871124288
CD46,,44009,244457,0.1525621737050466,Basal-like Structured DCIS Cells,0.10928703357640777,Tumor,Basal-like Structured DCIS Cells,0.0983533632987973,True,1.0,0.280869140210597,0.4870807062631709,0.35112534650043964,0.7030956778588026
NFKBIZ,,43942,370027,0.1061480449019129,Basal-like Structured DCIS Cells,0.16302228227383705,Tumor,11q13 Invasive Tumor Cells,0.0717953101522536,False,0.8653760231111451,0.25230674000676256,0.49823297437171365,0.3594888985923256,0.7210074274246123
CSRP1,,43844,104651,0.2952557325162463,CXCL14+ Fibroblasts,0.06582835945516188,Vascular/Stromal,CXCL14+ Fibroblasts,0.074436659203304,True,0.998095238095238,0.5052317763514275,0.18927924546604719,0.34515262224561677,0.8350772587838091
CSNK1A1,,43828,224744,0.1631890144914585,CXCL14+ Fibroblasts,0.10343819905140446,Vascular/Stromal,Basal-like Structured DCIS Cells,0.1475713414296661,False,0.22606269092359826,0.49617366587302786,0.20940829033363512,0.3421318110683832,0.8320578886243427
VDAC2,,43808,133881,0.2465431174692862,CXCL14+ Fibroblasts,0.1345968695623269,Vascular/Stromal,Basal-like Structured DCIS Cells,0.104221697529064,False,0.22606269092359826,0.48862839143749176,0.23092764239314864,0.33992670206070474,0.8295427971458306
OST4,,43796,94486,0.3167151183812788,CXCL14+ Fibroblasts,0.12863934436743857,Vascular/Stromal,Basal-like Structured DCIS Cells,0.1138307243336139,False,0.22606269092359826,0.4886142428237833,0.22727090211960332,0.3393134096740727,0.8295380809412611
KPNB1,,43788,181771,0.1941310255853235,Macrophages,0.117801326314664,Immune,Basal-like Structured DCIS Cells,0.0866092696240955,False,0.1579260028790722,0.3894727839201064,0.33641223187494296,0.26860005613577403,0.6261661992559556
TSC22D1,,43759,150375,0.2254061627535619,Macrophages,0.12876599698935765,Immune,Basal-like Structured DCIS Cells,0.0858150942875039,False,0.15835612442790561,0.388152162525792,0.3463699148014462,0.27013357319399,0.6262027420819761
GNB1,,43688,136856,0.2419797943991492,Basal-like Structured DCIS Cells,0.1188885776382838,Immune,Basal-like Structured DCIS Cells,0.0920155044667426,True,0.6490406876192876,0.385901465283382,0.40335717220142886,0.2686082224335929,0.5802686626826913
ILK,,43674,113759,0.2774132488106051,CXCL14+ Fibroblasts,0.06549480329483541,Vascular/Stromal,CXCL14+ Fibroblasts,0.1073495872197302,True,0.998570406702931,0.4977166997300562,0.18808590100451228,0.3408596498729882,0.8325722332433521
TM9SF2,,43628,183902,0.19174614336571,Macrophages,0.14906418642361888,Vascular/Stromal,Basal-like Structured DCIS Cells,0.0925427024706172,False,-0.282546184601846,0.48412147101669595,0.25545154618035915,0.3390457374249763,0.8280404903388986
EIF3A,,43619,120596,0.2656212891635965,CXCL14+ Fibroblasts,0.09596111549178142,Vascular/Stromal,Basal-like Structured DCIS Cells,0.1260737798881363,False,0.22606269092359826,0.4939726086705161,0.20535489209860486,0.34039684302017686,0.8313242028901721
NES,,43571,82783,0.3448327714199788,CXCL14+ Fibroblasts,0.060315262965019115,Vascular/Stromal,CXCL14+ Fibroblasts,0.098820939715461,True,0.998570406702931,0.49802130610946105,0.18638570500842003,0.34117115928124214,0.8326737687031537
SCP2,,43564,147085,0.2285036900272228,Macrophages,0.12842631607982213,Immune,Basal-like Structured DCIS Cells,0.0957795132268874,False,0.15835612442790561,0.3880505508613457,0.346677236288276,0.27031244937819326,0.6262963289464802
DDX3X,,43553,160260,0.2136909814388679,Macrophages,0.13263463921455465,Vascular/Stromal,Basal-like Structured DCIS Cells,0.098561039564389,False,0.22606269092359826,0.4860098870551271,0.24079095321699095,0.33683932704727615,0.8286699623517091
SCCPDH,,43511,173301,0.2006853864177259,CXCL14+ Fibroblasts,0.1416356598133787,Vascular/Stromal,Basal-like Structured DCIS Cells,0.1082591793438848,False,0.22606269092359826,0.4908019970125116,0.23486140574718775,0.34176655586823307,0.8302673323375038
RACK1,,43453,72274,0.3754784968071409,"CAFs, DCIS Associated",0.14109191618788836,Vascular/Stromal,CXCL14+ Fibroblasts,0.1509730535883832,False,0.8263888406927451,0.5255378311447761,0.28440948221463863,0.39669717448927905,0.8418459437149254
RANBP9,,43429,122066,0.2624188041934802,CXCL14+ Fibroblasts,0.1264670495019445,Vascular/Stromal,Basal-like Structured DCIS Cells,0.1196536695532188,False,0.22606269092359826,0.49032812733433273,0.22544989608031205,0.34034495625964556,0.830109375778111
ASH1L,,43420,187513,0.1880199018763018,CXCL14+ Fibroblasts,0.12839710150684552,Vascular/Stromal,Basal-like Structured DCIS Cells,0.0971167809531639,False,0.22606269092359826,0.4889224351012419,0.22703534728785044,0.3395186869242114,0.8296408117004139
YWHAG,,43418,126191,0.2559887741806154,Macrophages,0.12564405622210623,Immune,Basal-like Structured DCIS Cells,0.0942731758772379,False,0.15835612442790561,0.38837606654569873,0.34587991125722584,0.26970007003321766,0.6263184077166678
CCN1,,43334,110439,0.2818049982766805,CXCL14+ Fibroblasts,0.09246018171803688,Vascular/Stromal,CXCL14+ Fibroblasts,0.0946276948907013,True,0.9999999999999999,0.5088477782622866,0.1981331212395451,0.347251902411324,0.8362825927540954
TRIM44,,43333,123549,0.2596625160292901,CXCL14+ Fibroblasts,0.11024374108571144,Vascular/Stromal,Basal-like Structured DCIS Cells,0.1090699473744099,False,0.22606269092359826,0.4906146533696183,0.21524398484490118,0.33922357318832563,0.8302048844565394
RHOH,,43307,182906,0.1914434625773054,Basal-like Structured DCIS Cells,0.10725140590479677,Tumor,Basal-like Structured DCIS Cells,0.130310966288694,True,1.0,0.26864514927337046,0.49223878935270377,0.3540478598516702,0.7024171353015989
COG1,,43188,209449,0.1709488317229859,CXCL14+ Fibroblasts,0.164907391740276,Vascular/Stromal,Basal-like Structured DCIS Cells,0.1098111225001281,False,-0.282546184601846,0.48773299043260815,0.2502634724357932,0.3428453672984978,0.8292443301442027
TMEM14C,,43183,135585,0.2415588919717175,Macrophages,0.13096420434705464,Vascular/Stromal,Basal-like Structured DCIS Cells,0.0993636257903587,False,-0.2817354334769128,0.48616770028851103,0.23991512287010908,0.33658095786663056,0.8287225667628371
RBM33,,43169,154296,0.2186159572582482,CXCL14+ Fibroblasts,0.11949575778145793,Vascular/Stromal,Basal-like Structured DCIS Cells,0.1090817380087824,False,0.22606269092359826,0.4894944820477117,0.2211406848706589,0.33920454682980944,0.8298314940159038
FSTL1,,43164,53004,0.4488395308210631,Endothelial Cells,0.059228922747976746,Vascular/Stromal,Endothelial Cells,0.0403756324704883,True,0.9995241493901396,0.4923230795612141,0.1962760708863632,0.3378166258768996,0.8307743598537382
LGALS3,,43161,69660,0.3825617571196851,"CAFs, DCIS Associated",0.1429299362740732,Vascular/Stromal,"CAFs, DCIS Associated",0.1624371671287911,True,1.0,0.5206219668069663,0.27999566948707505,0.3892534579859717,0.8402073222689888
ZMIZ1,,43092,145163,0.2289022867918514,Macrophages,0.1371067339297329,Vascular/Stromal,Basal-like Structured DCIS Cells,0.1033637901144877,False,0.22606269092359826,0.4870067586260868,0.23923091087556442,0.3376959677315773,0.8290022528753623
CAND1,,43079,181013,0.1922380093890009,CXCL14+ Fibroblasts,0.12141429526345741,Vascular/Stromal,CXCL14+ Fibroblasts,0.1496220732629238,True,0.9980897803247372,0.5037836696502221,0.2180278515104467,0.3469635508186709,0.8345945565500741
PHF3,,43065,143743,0.2305308123849085,CXCL14+ Fibroblasts,0.07428900053777666,Vascular/Stromal,CXCL14+ Fibroblasts,0.1199153394109231,True,0.9966629178649119,0.5009404983137412,0.1936742153814631,0.3435156696690247,0.8336468327712471
NDUFC1,,43000,140297,0.2345919464039237,Basal-like Structured DCIS Cells,0.12977186100958576,Immune,Basal-like Structured DCIS Cells,0.0921051075302122,True,0.6490406876192876,0.3878494820976034,0.40238682995707525,0.2723441917609367,0.5836786764030534
SMARCA2,,42996,147333,0.2259035669813848,CXCL14+ Fibroblasts,0.10940101996548122,Vascular/Stromal,Basal-like Structured DCIS Cells,0.1057080045603946,False,0.22606269092359826,0.49010978291223917,0.21478291866010224,0.3387376644920556,0.8300365943040798
DHX40,,42863,171343,0.2001017711922168,Basal-like Structured DCIS Cells,0.12809216021219963,Immune,Basal-like Structured DCIS Cells,0.094219168463108,True,0.6490406876192876,0.38735514667508586,0.40309717804875334,0.2726418983904361,0.5831502048648859
NFE2L2,,42856,108776,0.2826316344834863,CXCL14+ Fibroblasts,0.056079492930845055,Vascular/Stromal,CXCL14+ Fibroblasts,0.1233362490943091,True,0.998570406702931,0.4995889461387265,0.18503921703604478,0.3416036034649302,0.8331963153795755
DEK,,42824,113023,0.2747823185560197,Macrophages,0.11706396957508651,Vascular/Stromal,Basal-like Structured DCIS Cells,0.0997695749756571,False,0.22606269092359826,0.4865869069634024,0.2364440059030067,0.3343063331297006,0.8288623023211342
NPEPPS,,42812,177394,0.1944179540975268,Basal-like Structured DCIS Cells,0.10870996986210547,Immune,Basal-like Structured DCIS Cells,0.0986802067107385,True,0.6490406876192876,0.3838894602779361,0.4053928880456354,0.2684988007462244,0.5771284790238981
CPSF7,,42801,235998,0.153519202005746,Basal-like Structured DCIS Cells,0.10278046471665653,Tumor,Basal-like Structured DCIS Cells,0.1050298947984014,True,1.0,0.2787495902671006,0.48754597186540477,0.34935532176220724,0.7009268215722188
SRPRA,,42755,140600,0.2331815330915437,CXCL14+ Fibroblasts,0.1254658661484654,Vascular/Stromal,CXCL14+ Fibroblasts,0.1194291227321667,True,0.9999999999999999,0.5093371979575155,0.21807335594565283,0.3493507720500331,0.8364457326525052
SH3BGRL,,42534,72597,0.3694400291841467,CXCL14+ Fibroblasts,0.05397253629498554,Vascular/Stromal,CXCL14+ Fibroblasts,0.0592428752004138,True,1.0,0.5017390755737628,0.1827433457340087,0.3423377833667581,0.8339130251912543
DUSP23,,42419,153946,0.2160211850380668,Basal-like Structured DCIS Cells,0.10871791764091981,Tumor,Basal-like Structured DCIS Cells,0.1274846149581042,True,1.0,0.27368514936341926,0.4894471100790505,0.3500654211217998,0.7029059725469732
ACTG1,,42409,111725,0.2751437061258385,CXCL14+ Fibroblasts,0.13163745009235808,Vascular/Stromal,Basal-like Structured DCIS Cells,0.1166194721135153,False,0.22606269092359826,0.48774983673148875,0.22912581939462134,0.339096598200025,0.8292499455771628
TRIM37,,42393,199980,0.174908096198834,Basal-like Structured DCIS Cells,0.10133855940466775,Tumor,Basal-like Structured DCIS Cells,0.1210204727218315,True,1.0,0.270296391477128,0.49119423212426155,0.3526645898951066,0.7004461864682225
CDK16,,42290,172690,0.1967159735789375,Basal-like Structured DCIS Cells,0.11128077137833305,Tumor,Basal-like Structured DCIS Cells,0.1079778379477826,True,1.0,0.2813243249032072,0.4872318573697164,0.35245517383411,0.703760257126111
TBK1,,42226,201614,0.1731709317585301,CXCL14+ Fibroblasts,0.1258295467238758,Vascular/Stromal,Basal-like Structured DCIS Cells,0.1250097504795795,False,0.22606269092359826,0.49434484701433024,0.22403589481584216,0.34262683195134425,0.8314482823381101
NDFIP1,,42195,135760,0.2371105054648647,CXCL14+ Fibroblasts,0.07303854946746932,Vascular/Stromal,CXCL14+ Fibroblasts,0.1195723941715596,True,0.9966629178649119,0.5026824048012435,0.19213936829208442,0.3441698550981781,0.834227468267081
CTSK,,41914,42709,0.4953026954846791,Macrophages,0.05656898916181857,Vascular/Stromal,Macrophages,0.0652016524436591,True,0.9999999999999999,0.48664413067815143,0.23939550289553718,0.3261458372935556,0.8288813768927171
NAP1L4,,41869,182715,0.1864291311936736,Basal-like Structured DCIS Cells,0.10835177278244304,Immune,Basal-like Structured DCIS Cells,0.0915334777611892,True,0.6490406876192876,0.38459000310120567,0.4051294702485107,0.26973034244330074,0.5769068550181744
LAPTM5,,41802,59242,0.4137009619571671,B Cells,0.08296157710731827,Tumor,B Cells,0.0829523108033017,True,0.9999999999999998,0.2758817058063505,0.4884679696192501,0.3178700636047874,0.7214520554236445
OGFRL1,,41792,94604,0.306401947271181,CXCL14+ Fibroblasts,0.05425765770033277,Vascular/Stromal,CXCL14+ Fibroblasts,0.0931014626985022,True,0.998570406702931,0.5012426103599087,0.1849766931848494,0.34254574643924746,0.8337475367866363
RAB5B,,41746,114757,0.2667424905592864,CXCL14+ Fibroblasts,0.09196698993723997,Vascular/Stromal,Basal-like Structured DCIS Cells,0.1208933435875848,False,0.22606269092359826,0.4936632222054193,0.20300836646539094,0.339830044053348,0.831221074068473
PSMB5,,41728,164171,0.2026624704345334,Basal-like Structured DCIS Cells,0.10558071787161177,Tumor,Basal-like Structured DCIS Cells,0.1046447428772846,True,1.0,0.28075859138554293,0.4873014495483764,0.35160963433528875,0.7018602392905372
CLK1,,41727,214129,0.1630878306547433,CXCL14+ Fibroblasts,0.06542160056482545,Vascular/Stromal,Macrophages,0.1346714431501788,False,0.9871254736748173,0.4974302284755237,0.18975410543283946,0.34101801753523897,0.8324767428251746
OSBPL8,,41669,178637,0.1891414668688097,Basal-like Structured DCIS Cells,0.0993473901346564,Tumor,Basal-like Structured DCIS Cells,0.1157662568142893,True,1.0,0.2738983736250401,0.4890513427175948,0.3480283297093138,0.6997824633782188
PRRC2A,,41609,139189,0.2301408201418157,CXCL14+ Fibroblasts,0.10848510241744654,Vascular/Stromal,Basal-like Structured DCIS Cells,0.1255788907127541,False,0.22606269092359826,0.49227252593978216,0.2135997498585025,0.3402096762442424,0.830757508646594
SPINT1,,41503,187326,0.1813712422813542,Basal-like Structured DCIS Cells,0.14574851692317703,Immune,Basal-like Structured DCIS Cells,0.0900107163533919,True,0.6490406876192876,0.39053751562873756,0.4020840124800781,0.2783567465749176,0.5887582010113396
DCAF12,,41486,136617,0.2329326288720571,Basal-like Structured DCIS Cells,0.10329171944204378,Immune,Basal-like Structured DCIS Cells,0.0964484894810282,True,0.6490406876192876,0.3831464375181196,0.4068948290977515,0.27091036381924133,0.5753813774551642
C1orf43,,41415,131475,0.2395453756723928,CXCL14+ Fibroblasts,0.14344937945161843,Vascular/Stromal,Basal-like Structured DCIS Cells,0.1065143526795205,False,-0.2817354334769128,0.48981074189252893,0.23613609747800743,0.3413970748179877,0.8299369139641763
REEP5,,41415,151705,0.214452154101077,CXCL14+ Fibroblasts,0.1226929101075046,Vascular/Stromal,CXCL14+ Fibroblasts,0.1361372537376214,True,0.9980897803247372,0.5072406237854663,0.21739035210427698,0.34842267219376566,0.8357468745951554
PBXIP1,,41413,170529,0.1953977975106397,CXCL14+ Fibroblasts,0.10257754042824727,Vascular/Stromal,Basal-like Structured DCIS Cells,0.1274497664179085,False,0.22606269092359826,0.49587525361404583,0.20901000403369446,0.3419056126993394,0.8319584178713487
BROX,,41295,143396,0.2235896713970902,Basal-like Structured DCIS Cells,0.12151095571503662,Immune,Basal-like Structured DCIS Cells,0.0911323475917371,True,0.6490406876192876,0.38620272368487263,0.4033346519065753,0.26949145170506894,0.5810960975510094
TLN1,,41284,92970,0.3075066664680382,Endothelial Cells,0.04982550423608398,Vascular/Stromal,Macrophages,0.1033280467927707,False,0.6862240984576801,0.49360518559358935,0.1885276745192998,0.33847488095957223,0.8312017285311964
EPS15,,41266,134494,0.2347860719162494,CXCL14+ Fibroblasts,0.09851185125995297,Vascular/Stromal,Macrophages,0.1244767785022807,False,0.6806918281710057,0.49098188634260675,0.20782902131167438,0.3385418246006906,0.8303272954475357
MYL6,,41255,87645,0.3200543056633049,Macrophages,0.11823099823953227,Vascular/Stromal,Basal-like Structured DCIS Cells,0.1177611645913051,False,0.22606269092359826,0.4867285146327192,0.23698930150486439,0.3346645350953614,0.8289095048775731
GRK2,,41202,173025,0.1923286980632693,Basal-like Structured DCIS Cells,0.10433319230780826,Tumor,Basal-like Structured DCIS Cells,0.1010449763379403,True,1.0,0.27709248693899663,0.4879159489351873,0.3480003348724658,0.7014443974359361
H2AC6,,41192,205686,0.1668516433218026,Basal-like Structured DCIS Cells,0.15595481198532551,Immune,Basal-like Structured DCIS Cells,0.1100216264137586,True,0.6490406876192876,0.39050167706107075,0.4021835265162313,0.27901619918007287,0.5921561227395453
CMTM6,,41059,165412,0.1988608569726499,Basal-like Structured DCIS Cells,0.10373830565726498,Tumor,Basal-like Structured DCIS Cells,0.1347648159720729,True,1.0,0.2654798337094023,0.49222256528840164,0.3496804261883974,0.7012461018857551
NUMA1,,41041,164665,0.1995128970472421,CXCL14+ Fibroblasts,0.1072091435528391,Vascular/Stromal,Basal-like Structured DCIS Cells,0.1271499620551889,False,0.22606269092359826,0.494094470754756,0.2123280475891221,0.34113358816402267,0.8313648235849187
SH3BP5,,40941,82084,0.3327860191018085,Pericytes,0.05633178291329495,Vascular/Stromal,CXCL14+ Fibroblasts,0.094392877348413,False,0.9961886552076206,0.503424778100879,0.1828835064377649,0.34344196701618707,0.8344749260336264
CPE,,40893,106083,0.2782290986283475,"CAFs, DCIS Associated",0.14780372058807142,Vascular/Stromal,"CAFs, DCIS Associated",0.1918433649470092,True,0.9995096837165397,0.5298822285299823,0.29075890701525914,0.40405691998814847,0.8432940761766607
CDC42EP4,,40881,154935,0.2087725211422968,Basal-like Structured DCIS Cells,0.13226624146205482,Immune,Basal-like Structured DCIS Cells,0.0993543139624364,True,0.6490406876192876,0.3876372685986945,0.40293758171471994,0.2734353542741787,0.5845205809266664
HSPG2,,40864,106457,0.2773806857135099,Macrophages,0.08674841897716028,Immune,Macrophages,0.084380668367911,True,1.0,0.3891206415718102,0.33582370338133555,0.26347144681435825,0.6254982589249525
APEX1,,40859,132542,0.2356330124970444,Basal-like Structured DCIS Cells,0.11845647917906627,Immune,Basal-like Structured DCIS Cells,0.0911007633776641,True,0.6490406876192876,0.3859290590926398,0.40359180580447307,0.26929853706551604,0.5801090481007353
VPS37C,,40808,200474,0.16912989779594,Basal-like Structured DCIS Cells,0.11078003057106747,Tumor,Basal-like Structured DCIS Cells,0.1437099117920678,True,1.0,0.2655736497372109,0.49296179997436945,0.3540850357140158,0.7035933435236892
ATP6AP1,,40743,149622,0.2140256874950752,CXCL14+ Fibroblasts,0.12183340191830162,Vascular/Stromal,CXCL14+ Fibroblasts,0.13672483810653,True,0.9980897803247372,0.5061802967965293,0.21722142582829154,0.3478720922954402,0.8353934322655098
CUX1,,40671,149946,0.2133650199090322,Basal-like Structured DCIS Cells,0.12462807396696149,Immune,Basal-like Structured DCIS Cells,0.0941381486631837,True,0.6490406876192876,0.38706203964498065,0.40304611907460713,0.27154159529669636,0.5820351409706609
SQSTM1,,40418,120307,0.2514730129102504,CXCL14+ Fibroblasts,0.1013301139972618,Vascular/Stromal,Basal-like Structured DCIS Cells,0.1383686259952587,False,0.22606269092359826,0.4945775125492692,0.20863585059133233,0.3410198908333835,0.8315258375164231
SAP30BP,,40372,200532,0.1675854282203699,Basal-like Structured DCIS Cells,0.13000714286014206,Immune,Basal-like Structured DCIS Cells,0.0965545012834755,True,0.6490406876192876,0.3875399642641201,0.40292309530106396,0.272896960553972,0.583776051733926
EIF4G1,,40341,167205,0.1943713682749848,Basal-like Structured DCIS Cells,0.1509540787794462,Immune,Basal-like Structured DCIS Cells,0.1028235886035683,True,0.6490406876192876,0.3902580539511956,0.4004655156659413,0.2741375160796483,0.5904175509580171
SRSF3,,40289,127803,0.2396842205458915,Macrophages,0.1363781326403724,Vascular/Stromal,Basal-like Structured DCIS Cells,0.0942041206133999,False,0.22606269092359826,0.4873157517632213,0.23810908085050028,0.33752470883270574,0.8291052505877404
SHROOM3,,40274,203839,0.1649809719269354,Basal-like Structured DCIS Cells,0.10672155004513387,Tumor,Basal-like Structured DCIS Cells,0.1045500684745226,True,1.0,0.28168566721292015,0.4882497828905056,0.35673356265279293,0.7022405166817113
DNAJC3,,40169,154656,0.2061799050429873,Macrophages,0.14474119383295603,Vascular/Stromal,Basal-like Structured DCIS Cells,0.096867968554137,False,-0.2817354334769128,0.4859542764683577,0.24355705404842837,0.3389106383106554,0.8286514254894525
LMNA,,40140,128615,0.2378596189742526,CXCL14+ Fibroblasts,0.09476170419693379,Vascular/Stromal,Macrophages,0.1356246610114815,False,0.6806918281710057,0.49437339607198494,0.2047406168075483,0.3405048346561216,0.8314577986906616
ZNF24,,40009,137246,0.2257143663084257,Basal-like Structured DCIS Cells,0.13094860372069064,Immune,Basal-like Structured DCIS Cells,0.0835588479189472,True,0.6490406876192876,0.38912593097113757,0.4016074461977131,0.272903441290923,0.5839370953979893
OAZ1,,39946,101048,0.2833170205824361,Macrophages,0.1353285041772153,Vascular/Stromal,Basal-like Structured DCIS Cells,0.1085486972970308,False,0.22606269092359826,0.48741146637344074,0.2390642358475402,0.337612817545217,0.8291371554578135
MAP3K3,,39789,184993,0.177011504479896,Macrophages,0.13061138964872018,Immune,Basal-like Structured DCIS Cells,0.0951720638767817,False,0.15835612442790561,0.3887887831005495,0.34510827360492635,0.2703476649910754,0.6263840037662648
LAMTOR2,,39685,129204,0.2349768190941979,Basal-like Structured DCIS Cells,0.10774839722544065,Immune,Basal-like Structured DCIS Cells,0.1048751392342619,True,0.6490406876192876,0.3827737764704947,0.40756461509900294,0.27228507349863235,0.5769230543391587
RUNX1,,39649,253122,0.1354266645261996,Basal-like Structured DCIS Cells,0.11744421159074551,Immune,Basal-like Structured DCIS Cells,0.0979906317132186,True,0.6490406876192876,0.3857316281982201,0.404202212092801,0.2703446086487231,0.5797739388690782
PRNP,,39643,63469,0.3844654356427961,CXCL14+ Fibroblasts,0.07307003751889443,Vascular/Stromal,CXCL14+ Fibroblasts,0.0560259129109839,True,0.998095238095238,0.507482885191897,0.18964405002210546,0.34568439259714573,0.8358276283972991
RAB2A,,39605,131274,0.2317721896780763,CXCL14+ Fibroblasts,0.12754336820180084,Vascular/Stromal,Basal-like Structured DCIS Cells,0.1171404194651351,False,0.22606269092359826,0.4907675103283265,0.2259613117032858,0.34069044795895265,0.8302558367761089
MXI1,,39475,126613,0.2376752083232985,CXCL14+ Fibroblasts,0.11354389589884706,Vascular/Stromal,Basal-like Structured DCIS Cells,0.1193979006205342,False,0.22606269092359826,0.4930627295282191,0.2166383899226922,0.34112334952853857,0.8310209098427398
ACBD3,,39398,136805,0.2235943769402337,CXCL14+ Fibroblasts,0.12432364641171648,Vascular/Stromal,Basal-like Structured DCIS Cells,0.1057366358055,False,0.22606269092359826,0.4911939614309894,0.2237644084281961,0.34068489622420145,0.8303979871436632
HSPA8,,39372,108722,0.2658581711615596,CXCL14+ Fibroblasts,0.11761651894514658,Vascular/Stromal,Basal-like Structured DCIS Cells,0.1244384898523368,False,0.22606269092359826,0.4907119366252471,0.21976168021016168,0.33989248392740207,0.8302373122084158
BTG2,,39280,187790,0.1729863037829744,Basal-like Structured DCIS Cells,0.09616793384359092,Immune,Basal-like Structured DCIS Cells,0.1099051570617051,True,0.6490406876192876,0.38233589394777334,0.4068768466009187,0.2664557532864516,0.5731230736935425
PTPN12,,39275,150938,0.2064790524306961,Macrophages,0.12904843201315078,Vascular/Stromal,Basal-like Structured DCIS Cells,0.0927816607724234,False,0.22606269092359826,0.4850772127473937,0.24236616191110638,0.33626121601136866,0.8283590709157979
ADAM15,,39096,219043,0.1514532867950987,Basal-like Structured DCIS Cells,0.11113021663183027,Tumor,Basal-like Structured DCIS Cells,0.1267126862519853,True,1.0,0.2761450865754065,0.48850689565565214,0.3499435642378788,0.7037100722106101
PJA2,,39092,125728,0.2371799538890911,CXCL14+ Fibroblasts,0.06758830107900288,Vascular/Stromal,CXCL14+ Fibroblasts,0.1156004759251279,True,0.9966629178649119,0.5016039158320459,0.1902044767787448,0.3433889625845163,0.8338679719440153
CTSB,,38990,82636,0.3205729038199069,Macrophages,0.09857961036896329,Immune,Basal-like Structured DCIS Cells,0.1073303687450603,False,0.553113063888932,0.3854978825158165,0.40377338446844746,0.23966335716389717,0.5967488858228348
ADD3,,38953,66847,0.3681758034026465,CXCL14+ Fibroblasts,0.1033701427086998,Vascular/Stromal,CXCL14+ Fibroblasts,0.0675154148220932,True,0.9985704067029311,0.5106644434328913,0.20364058439920188,0.3482370970805557,0.8368881478109639
SMARCA5,,38896,149445,0.2065190266590917,Macrophages,0.1357906430823957,Vascular/Stromal,Basal-like Structured DCIS Cells,0.0947512020878774,False,-0.2817354334769128,0.48437601697007515,0.24560732173003155,0.33739273964925953,0.828125338990025
EGR1,,38875,73572,0.345718427347995,CXCL14+ Fibroblasts,0.10421620117982412,Vascular/Stromal,CXCL14+ Fibroblasts,0.0744664045864019,True,0.9985704067029311,0.5098178223962838,0.20422799777552703,0.34759198410332093,0.8366059407987613
CD164,,38805,154103,0.2011580649843448,CXCL14+ Fibroblasts,0.13143869198520405,Vascular/Stromal,Basal-like Structured DCIS Cells,0.0998133887919396,False,0.22606269092359826,0.48988103140109945,0.22867452198491045,0.34045304624460737,0.8299603438003665
C1R,,38638,55974,0.4083837145393819,Endothelial Cells,0.054640016196530646,Vascular/Stromal,Endothelial Cells,0.0589137196172896,True,1.0,0.4983254508331549,0.186166537890253,0.3403369784485891,0.8327751502777182
PAIP2,,38616,96127,0.286590026940175,CXCL14+ Fibroblasts,0.09595559550441436,Vascular/Stromal,Basal-like Structured DCIS Cells,0.1393328272674343,False,0.22606269092359826,0.49462781062607075,0.2052672539022236,0.3407445691834777,0.8315426035420236
POGZ,,38578,199205,0.1622403620107408,CXCL14+ Fibroblasts,0.14306711320159385,Vascular/Stromal,Basal-like Structured DCIS Cells,0.1027347966490758,False,0.22606269092359826,0.48771920527373525,0.236390043992505,0.34000251221480404,0.829239735091245
OS9,,38540,133451,0.2240814926362426,CXCL14+ Fibroblasts,0.09622831376318546,Vascular/Stromal,Basal-like Structured DCIS Cells,0.1158556463354877,False,0.22606269092359826,0.49164630257867814,0.20620496852091758,0.3387921534287298,0.830548767526226
PCYOX1,,38498,155348,0.1986009512705962,CXCL14+ Fibroblasts,0.12456423488645324,Vascular/Stromal,Basal-like Structured DCIS Cells,0.1031345814139023,False,0.22606269092359826,0.49088489342975483,0.2242012175075372,0.3405002737383995,0.830294964476585
EVA1B,,38434,146408,0.207928933900304,Basal-like Structured DCIS Cells,0.09723656996585354,Tumor,Basal-like Structured DCIS Cells,0.1129244211345845,True,1.0,0.2775613117053522,0.48842000345460945,0.3515447390590974,0.6990788566552846
PRPF38B,,38358,216779,0.1503427570285768,Macrophages,0.13127254132759814,Vascular/Stromal,Basal-like Structured DCIS Cells,0.0904579540472176,False,-0.2817354334769128,0.48681884240063333,0.23815661328523402,0.33661348451257433,0.8289396141335444
RAB11FIP1,,38324,145927,0.2079988711051771,CXCL14+ Fibroblasts,0.13878923145354377,Vascular/Stromal,Basal-like Structured DCIS Cells,0.1134491807513043,False,0.22606269092359826,0.49040584981525115,0.23315968607872062,0.34121093428093524,0.8301352832717503
SELENOS,,38298,165112,0.1882798289169657,Basal-like Structured DCIS Cells,0.11703662925990532,Immune,Basal-like Structured DCIS Cells,0.0918083641842978,True,0.6490406876192876,0.3855299931920103,0.4042510954303836,0.270478061695676,0.579703811538852
ELF1,,38252,158858,0.194064228095987,Basal-like Structured DCIS Cells,0.10390961632121748,Tumor,Basal-like Structured DCIS Cells,0.10719290297403,True,1.0,0.2783614362212591,0.48766865530281417,0.34938989255294584,0.7013032054404058
PNRC1,,38245,88077,0.3027580310634727,CXCL14+ Fibroblasts,0.08942399172088826,Vascular/Stromal,Macrophages,0.1341252633040493,False,0.988538681948424,0.49261358045007664,0.20152901909179038,0.33904160672315886,0.8308711934833589
LAMTOR5,,38239,113531,0.2519536140212163,Basal-like Structured DCIS Cells,0.11033586686533418,Immune,Basal-like Structured DCIS Cells,0.0996519894833958,True,0.6490406876192876,0.38388074080110746,0.40576979349979253,0.2699016500795402,0.577645210854998
ITGA6,,38149,166973,0.1859820009555289,Basal-like Structured DCIS Cells,0.1166013842157569,Immune,Basal-like Structured DCIS Cells,0.0939402680784296,True,0.6490406876192876,0.38468713375401475,0.4047484876310752,0.26975376155056896,0.5796694500228504
COPG1,,38094,129888,0.2267742972461335,CXCL14+ Fibroblasts,0.1205462290063508,Vascular/Stromal,CXCL14+ Fibroblasts,0.1501721937917385,True,0.9980897803247372,0.5047575630759898,0.21710560841114224,0.34724717546484374,0.8349191876919967
PRPF6,,38079,120753,0.2397438803263825,CXCL14+ Fibroblasts,0.10072767000071955,Vascular/Stromal,Basal-like Structured DCIS Cells,0.1210620283494555,False,0.22606269092359826,0.4929622730021332,0.20880677687938382,0.3399780188265513,0.8309874243340444
MDH2,,38065,127371,0.2300889770062139,Basal-like Structured DCIS Cells,0.11823117655125295,Immune,Basal-like Structured DCIS Cells,0.0967309839562003,True,0.6490406876192876,0.38510668797045733,0.4047720544994847,0.271152209257807,0.5801478020676522
ZMYND11,,38049,115121,0.2484102631063524,CXCL14+ Fibroblasts,0.13794165846355075,Vascular/Stromal,Basal-like Structured DCIS Cells,0.0971956838345032,False,0.22606269092359826,0.4877313060864212,0.23321730165972898,0.3395339946885935,0.8292437686954738
MBNL1,,38032,114403,0.2494965067077771,Endothelial Cells,0.05963090765970683,Vascular/Stromal,Macrophages,0.1059037049715297,False,0.6862240984576801,0.4922549187323847,0.19323199815544334,0.33822043394408036,0.8307516395774616
HMGB1,,37888,124757,0.2329490608380214,Basal-like Structured DCIS Cells,0.11186417155334273,Immune,Basal-like Structured DCIS Cells,0.0897976351424128,True,0.6490406876192876,0.3842332852943083,0.40453050508858024,0.26583671829915445,0.5781462345222269
RNF103,,37878,159924,0.1914945248278581,CXCL14+ Fibroblasts,0.13194976718239518,Vascular/Stromal,Basal-like Structured DCIS Cells,0.1030632295777603,False,0.22606269092359826,0.4913391679810586,0.22864941801552635,0.34140377531365595,0.8304463893270194
SEPHS2,,37852,117832,0.2431335268877983,Basal-like Structured DCIS Cells,0.11045938501698692,Immune,Basal-like Structured DCIS Cells,0.1012510443478905,True,0.6490406876192876,0.3835731738289074,0.4063997091731177,0.27106947345216825,0.5777318608051175
PIGT,,37839,153647,0.1976071357697168,Basal-like Structured DCIS Cells,0.1334561007174635,Immune,Basal-like Structured DCIS Cells,0.0990568311003834,True,0.6490406876192876,0.3876920836133065,0.40205910913077253,0.27118518172525874,0.584903288512788
HSPB1,,37810,98196,0.2780024410687763,CXCL14+ Fibroblasts,0.2436474110705292,Vascular/Stromal,Basal-like Structured DCIS Cells,0.1090854235398235,False,-0.28600126754305855,0.5169811205190372,0.2888478762131026,0.37693345267080886,0.8389937068396791
SRPX,,37584,40738,0.4798651719823293,"CAFs, DCIS Associated",0.12472348326169291,Vascular/Stromal,"CAFs, DCIS Associated",0.1142031460142633,True,1.0,0.5256256302188594,0.28570803409250667,0.39929570820445,0.8418752100729532
PAWR,,37542,188407,0.166152538847262,CXCL14+ Fibroblasts,0.14619939739958948,Vascular/Stromal,Basal-like Structured DCIS Cells,0.10190464936923,False,0.22606269092359826,0.4882262824696379,0.23818828812237122,0.34056369069722797,0.8294087608232127
SKI,,37523,83320,0.3105103315872661,CXCL14+ Fibroblasts,0.06222604257452925,Vascular/Stromal,CXCL14+ Fibroblasts,0.0928724373306188,True,0.9966629178649119,0.504605775788065,0.18663502250067365,0.3445072397674701,0.834868591929355
NOTCH2,,37517,147131,0.2031811879901217,CXCL14+ Fibroblasts,0.09792031226519185,Vascular/Stromal,Basal-like Structured DCIS Cells,0.1145525241737975,False,0.22606269092359826,0.494148809115351,0.20658891662844558,0.3405241031539488,0.8313829363717836
SLC39A11,,37438,199496,0.1580102475794947,Basal-like Structured DCIS Cells,0.10933228852404252,Immune,Basal-like Structured DCIS Cells,0.1052868604609619,True,0.6490406876192876,0.3833974351975198,0.40754903263643427,0.2740185518063392,0.5774016152771763
ADIPOR1,,37430,126104,0.228882067337679,Basal-like Structured DCIS Cells,0.10725011983033132,Immune,Basal-like Structured DCIS Cells,0.0951105730691811,True,0.6490406876192876,0.38373796251363357,0.4059435097648592,0.26988386068692877,0.5766507763351049
SLC44A1,,37399,140918,0.2097332279031163,Macrophages,0.12439950567604952,Immune,Basal-like Structured DCIS Cells,0.0934123657024768,False,0.1579260028790722,0.3896987965952061,0.33628845063140933,0.26982298698670026,0.6263484135716484
TOP2B,,37313,110432,0.2525500016921046,CXCL14+ Fibroblasts,0.11113053565114624,Vascular/Stromal,Basal-like Structured DCIS Cells,0.1147099597380492,False,0.22606269092359826,0.4902863347595245,0.21573410685716138,0.3390914934016827,0.8300954449198414
HYOU1,,37284,150882,0.1981441918306176,CXCL14+ Fibroblasts,0.12799617389982204,Vascular/Stromal,Basal-like Structured DCIS Cells,0.1072723212709673,False,0.22606269092359826,0.49094519050104607,0.22616938737593836,0.3407958702707433,0.8303150635003487
SLC39A7,,37264,141814,0.2080880956901462,CXCL14+ Fibroblasts,0.10666622906168052,Vascular/Stromal,Basal-like Structured DCIS Cells,0.147450793552975,False,0.22606269092359826,0.4978189730993056,0.2109592814785118,0.34323663913673463,0.8326063243664352
GUCY1A1,,37234,169062,0.1804882305037422,Basal-like Structured DCIS Cells,0.08839653785918593,Tumor,Basal-like Structured DCIS Cells,0.0974257345244908,True,1.0,0.2745031269145648,0.4896173912404408,0.35192686471271317,0.6961321792863954
PPP3R1,,37231,115316,0.2440624856601572,Macrophages,0.12238998465996213,Vascular/Stromal,Basal-like Structured DCIS Cells,0.0999345726815384,False,-0.2817354334769128,0.48482377445336367,0.2431056675376916,0.3353119679183605,0.8282745914844546
ARL1,,37097,116026,0.2422692867825212,CXCL14+ Fibroblasts,0.09147169009343024,Vascular/Stromal,Basal-like Structured DCIS Cells,0.1267828463785084,False,0.22606269092359826,0.49510471722845667,0.20236850293979983,0.34069317808491023,0.8317015724094855
MYB,,37092,191591,0.1621983269416616,CXCL14+ Fibroblasts,0.14009161545852178,Vascular/Stromal,Basal-like Structured DCIS Cells,0.1258645382467177,False,0.22606269092359826,0.49336891762075724,0.2333303656532994,0.3430394360863439,0.8311229725402525
SNX2,,37082,101679,0.2672364713428125,CXCL14+ Fibroblasts,0.08668086620183377,Vascular/Stromal,Macrophages,0.142289117125432,False,0.988538681948424,0.4944991999279362,0.1995600040406814,0.3400448349917059,0.831499733309312
SFRP4,,37077,32268,0.5346744538178672,Macrophages,0.09597394495668464,Immune,Macrophages,0.092690954499216,True,1.0,0.38959948753563,0.40675994620911365,0.25820619681130197,0.6037817727282575
NIBAN1,,37018,100408,0.2693667864887284,Luminal-like Amorphous DCIS Cells,0.2541399473464278,Rare epithelial,Myoepithelial Cells,0.2150899118026932,False,-0.08921722983855178,1.0,1.0,1.0,0.6818871557720586
SMAD2,,37015,130251,0.2212942259634354,Basal-like Structured DCIS Cells,0.09624373888682411,Tumor,Basal-like Structured DCIS Cells,0.1011216404203612,True,1.0,0.27688378491580484,0.48792177972747536,0.34731641807679586,0.6987479129622747
MRFAP1L1,,36973,121184,0.2337740346617601,Basal-like Structured DCIS Cells,0.12500709583052053,Immune,Basal-like Structured DCIS Cells,0.0928658712005447,True,0.6490406876192876,0.38704778126597794,0.40265926223623083,0.2704820823512555,0.5821845715772986
TNS1,,36900,60564,0.3786013297217434,Pericytes,0.04314812770072133,Vascular/Stromal,Pericytes,0.0418375837938737,True,0.9980970504281638,0.5049801526774673,0.181827315322476,0.3444338026706692,0.8349933842258225
SNX1,,36889,126241,0.2261325323361736,Macrophages,0.12126441508189811,Vascular/Stromal,Basal-like Structured DCIS Cells,0.0935339670336974,False,-0.2817354334769128,0.4879968843995989,0.23358095836555,0.33507643597775666,0.8293322947998663
IFI16,,36865,68460,0.3500118680275338,Endothelial Cells,0.038878948132284596,Vascular/Stromal,Endothelial Cells,0.0370900609719796,True,1.0,0.4955292675919066,0.18411765908814498,0.33882131663287307,0.8318430891973022
TMEM150C,,36716,195271,0.1582674891265459,Basal-like Structured DCIS Cells,0.11309951331119052,Tumor,Basal-like Structured DCIS Cells,0.1275773167952215,True,1.0,0.2798568737269477,0.4887968430709556,0.35599305061181113,0.7043665044370635
BRD4,,36676,140721,0.2067453226379251,Macrophages,0.13248901179131878,Vascular/Stromal,Basal-like Structured DCIS Cells,0.103916178120472,False,0.22606269092359826,0.4872600831763063,0.23748569691291319,0.3369016393068057,0.8290866943921021
CTSH,,36646,131113,0.2184443159532424,Basal-like Structured DCIS Cells,0.10757248044166891,Immune,Basal-like Structured DCIS Cells,0.097358307139629,True,0.6490406876192876,0.3832399703390672,0.4055549967318083,0.2643979743225652,0.5767731605171745
MAT2B,,36583,103831,0.2605366986197957,CXCL14+ Fibroblasts,0.09128989163561106,Vascular/Stromal,Macrophages,0.1420273500415197,False,0.988538681948424,0.4940937306039059,0.20235331921175298,0.34009698940596567,0.8313645768679686
HNRNPD,,36568,145359,0.2010036992859773,Basal-like Structured DCIS Cells,0.13011525279967878,Immune,Basal-like Structured DCIS Cells,0.0883259729645357,True,0.6490406876192876,0.38787604617918814,0.4015385775595622,0.2694716973583784,0.5837811039454339
ERGIC3,,36518,125866,0.2248866883436791,Macrophages,0.13506992261461337,Vascular/Stromal,Basal-like Structured DCIS Cells,0.0950300781338538,False,-0.2817354334769128,0.48450129001448056,0.24552879401501126,0.3373231564305445,0.8281670966714936
AHNAK,,36280,91142,0.2847232032145155,CXCL14+ Fibroblasts,0.058837468319710234,Vascular/Stromal,Macrophages,0.1392315843635571,False,0.9794955183227413,0.5011420172177838,0.1861921905302139,0.34276307937426387,0.8337140057392612
PSMB4,,36256,107167,0.2527906960529343,Macrophages,0.15028001864810736,Vascular/Stromal,Basal-like Structured DCIS Cells,0.1007926066009156,False,-0.2817354334769128,0.4855766506903382,0.24656407391859875,0.34005585578712577,0.8285255502301127
APRT,,36203,100911,0.2640357658590662,Basal-like Structured DCIS Cells,0.1100609153788209,Immune,Basal-like Structured DCIS Cells,0.1065735529251896,True,0.6490406876192876,0.3831334682482255,0.40625788892818654,0.2689037500502054,0.5776676269327786
AZIN1,,36137,105246,0.2555965002864559,Basal-like Structured DCIS Cells,0.11380953343406149,Immune,Basal-like Structured DCIS Cells,0.0902766733200079,True,0.6490406876192876,0.3851442518299445,0.4040874579988401,0.26808262971632146,0.5786644924083072
PLEKHF2,,36125,143502,0.2011111915246594,Basal-like Structured DCIS Cells,0.11372216773429852,Immune,Basal-like Structured DCIS Cells,0.087484582048114,True,0.6490406876192876,0.3857707051697379,0.40435350728150504,0.2712053340657431,0.5785780162088768
MEF2D,,36074,135260,0.2105478188800821,CXCL14+ Fibroblasts,0.09881189309342574,Vascular/Stromal,Basal-like Structured DCIS Cells,0.1428170623705384,False,0.22606269092359826,0.49540195698431944,0.20682333104187034,0.34143910810795913,0.8318006523281065
UBXN6,,36027,112963,0.241808175045305,CXCL14+ Fibroblasts,0.12829349095196727,Vascular/Stromal,Basal-like Structured DCIS Cells,0.1097425999654149,False,0.22606269092359826,0.48889148278691025,0.22688456889018527,0.3394783798181123,0.8296304942623034
FIS1,,36019,134414,0.2113381798125949,Macrophages,0.14229618340835068,Vascular/Stromal,Basal-like Structured DCIS Cells,0.0938791501171634,False,-0.282546184601846,0.4838978414482607,0.25473915267341346,0.3377378301142297,0.8279659471494202
PDGFRA,,36014,58608,0.3806091606603115,CXCL14+ Fibroblasts,0.14065223018318418,Vascular/Stromal,CXCL14+ Fibroblasts,0.1333350574427041,True,1.0,0.5322541814174966,0.2601328166040397,0.290447930223369,0.7689448958259523
H1-5,,35959,97162,0.2701226703525364,Basal-like Structured DCIS Cells,0.12577079998250937,Tumor,Dendritic Cells,0.1115399566534432,False,0.9865882789315352,0.26814657542773274,0.4914560149688231,0.3483370922749371,0.7085902666608365
ELK4,,35915,108023,0.2495171532187469,Macrophages,0.11608579461706543,Immune,Basal-like Structured DCIS Cells,0.0913389882164228,False,0.15835612442790561,0.3884620548936353,0.3448196980317614,0.2673432093227707,0.6258493263408197
RABGAP1,,35851,161447,0.1817099007592575,Macrophages,0.13089481878714007,Immune,Basal-like Structured DCIS Cells,0.0919723295017535,False,0.15835612442790561,0.3885006347559904,0.3461495497853921,0.27074888246617224,0.6264474539381636
ECHS1,,35744,117029,0.2339680440915607,CXCL14+ Fibroblasts,0.12211354079139629,Vascular/Stromal,Basal-like Structured DCIS Cells,0.1128044837757693,False,0.22606269092359826,0.4912918269747898,0.22244816544927143,0.3405330611325174,0.8304306089915966
KDM5A,,35723,180382,0.165303903195206,Macrophages,0.1258621818017639,Immune,Basal-like Structured DCIS Cells,0.0914079553950479,False,0.1579260028790722,0.3900695537866143,0.3358769206528687,0.2701560797561991,0.6265273757276378
COPB1,,35702,155059,0.1871556555061045,CXCL14+ Fibroblasts,0.132890086453542,Vascular/Stromal,Basal-like Structured DCIS Cells,0.116906263241528,False,0.22606269092359826,0.49084373510092266,0.2292893570222203,0.3411498447987964,0.8302812450336409
BCL2,,35687,210242,0.1451109873174778,CXCL14+ Fibroblasts,0.16176381844921997,Vascular/Stromal,Basal-like Structured DCIS Cells,0.1023438602748876,False,-0.282546184601846,0.4862709890389399,0.248558563851608,0.34180019532451206,0.8287569963463133
CELSR2,,35649,201890,0.1500764085055506,Basal-like Structured DCIS Cells,0.12848949551840927,Tumor,11q13 Invasive Tumor Cells,0.1395664432023987,False,0.8692653731488574,0.2619856061662047,0.4948717572027991,0.35798137458268053,0.7094964985061365
SON,,35635,156874,0.1851082287061903,Macrophages,0.12309385592592004,Immune,Basal-like Structured DCIS Cells,0.0905688139376066,False,0.1579260028790722,0.3892077754615733,0.3377495609075193,0.26964808869097695,0.6263013555711732
PPP1R9B,,35599,117903,0.2319122877877812,Basal-like Structured DCIS Cells,0.11157297008500722,Immune,Basal-like Structured DCIS Cells,0.1014557598496456,True,0.6490406876192876,0.38338237269208103,0.4054996313824029,0.266690179224879,0.5781019181224644
NFE2L1,,35533,107701,0.2480765739977938,CXCL14+ Fibroblasts,0.10275933502742873,Vascular/Stromal,Basal-like Structured DCIS Cells,0.125923231728239,False,0.22606269092359826,0.49353262443356,0.20987410871704357,0.34070404869640664,0.8311775414778534
TPD52L2,,35522,133836,0.2097450371402591,Basal-like Structured DCIS Cells,0.12563326453051593,Immune,Basal-like Structured DCIS Cells,0.095743346633835,True,0.6490406876192876,0.38590479015922907,0.4030435593255321,0.26771941815567074,0.5825176937335385
FBXL3,,35511,112927,0.2392311941686091,CXCL14+ Fibroblasts,0.11119854616953215,Vascular/Stromal,Basal-like Structured DCIS Cells,0.1060107430485863,False,0.22606269092359826,0.4904149402748368,0.21576506318940397,0.3391418484945909,0.8301383134249457
CAB39,,35501,100959,0.2601568225120914,Macrophages,0.11113745120898623,Immune,Basal-like Structured DCIS Cells,0.0954741594227036,False,0.1579260028790722,0.38898105002185224,0.3373905467235526,0.26763974862068307,0.6261235554112411
CD47,,35439,144099,0.1973899675834642,CXCL14+ Fibroblasts,0.08447462993914993,Vascular/Stromal,CXCL14+ Fibroblasts,0.1306849358190242,True,0.9980897803247372,0.5017619164544125,0.1957058200751532,0.34383382053348616,0.8339206388181375
NSA2,,35394,81843,0.3019012769006371,CXCL14+ Fibroblasts,0.09254110364677352,Vascular/Stromal,Basal-like Structured DCIS Cells,0.1361724481447584,False,0.22606269092359826,0.49369155135403847,0.20344086089839694,0.3398961828498284,0.8312305171180129
EP300,,35349,136146,0.2061226274818507,Macrophages,0.12540983124246505,Vascular/Stromal,Basal-like Structured DCIS Cells,0.0943616241383754,False,0.22606269092359826,0.4851758372514659,0.24196532959780312,0.33568259022258956,0.8283919457504886
IFNGR1,,35313,112488,0.238922605395092,CXCL14+ Fibroblasts,0.0511993920822191,Vascular/Stromal,CXCL14+ Fibroblasts,0.0934205036491771,True,0.998570406702931,0.5000910271410886,0.18267013357655082,0.3414639289040751,0.8333636757136963
PSMG2,,35305,120672,0.2263474743071094,Macrophages,0.12106219303624453,Immune,Basal-like Structured DCIS Cells,0.090598555140994,False,0.1579260028790722,0.3891168854910509,0.3377987001708681,0.26924658640344273,0.6262344872465905
RER1,,35105,141005,0.1993356424961671,CXCL14+ Fibroblasts,0.10491142411910696,Vascular/Stromal,Basal-like Structured DCIS Cells,0.1177303514988966,False,0.22606269092359826,0.4933568760221672,0.2112682084890123,0.34056205321399347,0.8311189586740557
ANXA7,,35103,113730,0.2358549515228477,CXCL14+ Fibroblasts,0.11801882954365815,Vascular/Stromal,Basal-like Structured DCIS Cells,0.1200518441689901,False,0.22606269092359826,0.4905024510672596,0.22001012947463497,0.339775142947407,0.8301674836890865
WDR26,,35103,130249,0.2122925637428032,CXCL14+ Fibroblasts,0.11949266840390696,Vascular/Stromal,Basal-like Structured DCIS Cells,0.1171672136498064,False,0.22606269092359826,0.49096010339331364,0.2208821695927481,0.3402071784779703,0.8303200344644379
ADCY1,,35096,278834,0.1117956232281081,Basal-like Structured DCIS Cells,0.10694331245817323,Tumor,11q13 Invasive Tumor Cells,0.1472094188214455,False,0.8692653731488574,0.2662289850839956,0.4932473993016001,0.355995747596703,0.7023144374860578
CREG1,,35069,93274,0.2732443530227593,CXCL14+ Fibroblasts,0.07937907745722396,Vascular/Stromal,Macrophages,0.1398240559481376,False,0.988538681948424,0.49547077341071843,0.194748387075933,0.34001449555959684,0.8318235911369062
YPEL5,,35030,98869,0.26161509794696,Macrophages,0.13199625694125247,Vascular/Stromal,Basal-like Structured DCIS Cells,0.0996858987475397,False,0.22606269092359826,0.4865301870715166,0.2399128098033887,0.3368655919549036,0.8288433956905056
FEM1B,,35014,129712,0.2125590374318565,Basal-like Structured DCIS Cells,0.10312756363613082,Immune,Basal-like Structured DCIS Cells,0.0884462149879194,True,0.6490406876192876,0.38421334966948495,0.4055844954128899,0.26948017044951206,0.5752232242063882
ATL3,,34962,106474,0.247193076727283,Endothelial Cells,0.07283494316251442,Vascular/Stromal,Macrophages,0.1368285247673499,False,0.9871254736748173,0.49621773154311766,0.19117943429581985,0.34032389256641216,0.8320725771810392
PRDX2,,34954,105132,0.2495181531345031,CXCL14+ Fibroblasts,0.13822934739131404,Vascular/Stromal,Basal-like Structured DCIS Cells,0.1098412493503048,False,0.22606269092359826,0.490241517769978,0.23293370843725505,0.34113847605252884,0.830080505923326
UBE2I,,34922,108561,0.2433877184056647,Macrophages,0.12895313030841254,Vascular/Stromal,Basal-like Structured DCIS Cells,0.093685478295539,False,-0.2817354334769128,0.4845138162708132,0.2450634098582581,0.33640198974702257,0.8281712720902711
LMAN2,,34913,151251,0.187538944156765,CXCL14+ Fibroblasts,0.12087457094603186,Vascular/Stromal,Basal-like Structured DCIS Cells,0.1018043857492717,False,-0.2817354334769128,0.49082449279247325,0.22180887966375132,0.34015389517726546,0.8302748309308244
VPS72,,34899,123000,0.2210210324321243,Basal-like Structured DCIS Cells,0.1326617838199592,Immune,Basal-like Structured DCIS Cells,0.0951918269776574,True,0.6490406876192876,0.38808934831807335,0.402397976675856,0.27291206357323583,0.5846083126556311
SDF4,,34882,121897,0.2224915326670025,Macrophages,0.12804806000043115,Vascular/Stromal,Basal-like Structured DCIS Cells,0.097854530985302,False,0.22606269092359826,0.48761717398566423,0.23565984271696577,0.3361554376228522,0.8292057246618881
VMP1,,34872,169627,0.1705240612423532,CXCL14+ Fibroblasts,0.128662687751032,Vascular/Stromal,Basal-like Structured DCIS Cells,0.1055929293383913,False,0.22606269092359826,0.49312288466411275,0.2260833521574558,0.34219981791696946,0.8310409615547042
GOSR2,,34848,198291,0.1494730611352026,CXCL14+ Fibroblasts,0.13807988405133603,Vascular/Stromal,Basal-like Structured DCIS Cells,0.1045403092835873,False,-0.2817354334769128,0.48926729052393697,0.2331278888006562,0.34043026909822516,0.829755763507979
WBP2,,34844,129627,0.2118549774732323,CXCL14+ Fibroblasts,0.1200554650540459,Vascular/Stromal,Basal-like Structured DCIS Cells,0.1191704846694205,False,0.22606269092359826,0.4996595412977689,0.21868608239386758,0.34491580496717217,0.8332198470992562
PICALM,,34841,103529,0.2517959095179591,CXCL14+ Fibroblasts,0.09021684397337539,Vascular/Stromal,CXCL14+ Fibroblasts,0.123971743045582,True,0.9999999999999999,0.49193104812391003,0.20237905391518124,0.3386986642398949,0.83064368270797
SUB1,,34838,147576,0.1909831482232723,Basal-like Structured DCIS Cells,0.10838322455530709,Immune,Basal-like Structured DCIS Cells,0.0994658325693826,True,0.6490406876192876,0.3839391536876055,0.40648744079518984,0.2722998636809472,0.5770634092677346
POLR2K,,34828,110172,0.2401931034482758,Macrophages,0.1268153519932846,Immune,Basal-like Structured DCIS Cells,0.0962419822450274,False,0.15835612442790561,0.38918434444552524,0.34426280003967763,0.269695307701015,0.6264896865362877
CCND1,11q13,703247,2725339,0.2051128366037777,11q13 Invasive Tumor Cells,0.07255732623496043,Tumor,11q13 Invasive Tumor Cells,0.0329585350733491,True,0.9985107958974752,0.10701386165031955,0.5012957572163864,0.39686331312772677,0.7525400181142824
ELOVL2,11q13,26361,155254,0.1451477025576081,11q13 Invasive Tumor Cells,0.043902029449263545,Tumor,11q13 Invasive Tumor Cells,0.0272021886817214,True,0.9999999999999998,0.08850570748443432,0.5054979564103965,0.4028144215838661,0.7553010139383862
KCNJ3,11q13,6118,33192,0.1556346985499873,11q13 Invasive Tumor Cells,0.036599141025556656,Tumor,11q13 Invasive Tumor Cells,0.0226208493778361,True,0.9999999999999998,0.08181426570634998,0.5068258614664135,0.40445554197348516,0.7559872608831936
FGF19,11q13,1208,13691,0.0810792670649036,11q13 Invasive Tumor Cells,0.18666123211600466,Tumor,11q13 Invasive Tumor Cells,0.0727639195838397,True,0.9970104566885288,0.18666123211600466,0.49988322619721065,0.39773313236531566,0.7538443357520408
KRT23,Basal-like,2847,13890,0.1701021688474637,Basal-like Structured DCIS Cells,0.10369175615962213,Tumor,Basal-like Structured DCIS Cells,0.0605797510988648,True,1.0,0.2883566224582761,0.49054081668433935,0.3668257513516631,0.7012305853865407
DSC3,Basal-like,2037,10582,0.161423250653776,Basal-like Structured DCIS Cells,0.14724815848027203,Immune,Basal-like Structured DCIS Cells,0.0596545922515824,True,0.6490406876192876,0.3924021246020026,0.40200630633526674,0.27789447949830803,0.5893806783656073
SOSTDC1,Basal-like,1680,8123,0.1713761093542793,Basal-like Structured DCIS Cells,0.08425001338003259,Tumor,Basal-like Structured DCIS Cells,0.0473374692216768,True,1.0,0.28627111100686675,0.49049907879366933,0.3593092429734159,0.6947500044600109
KLK5,Basal-like,1514,7212,0.1735044694017877,Basal-like Structured DCIS Cells,0.08068476862488028,Tumor,Basal-like Structured DCIS Cells,0.0527551920883886,True,1.0,0.2794559920671004,0.4929659894289511,0.36054974755983943,0.6935615895416268
KLK7,Basal-like,893,4143,0.1773232724384432,Basal-like Structured DCIS Cells,0.09943731481492571,Tumor,Basal-like Structured DCIS Cells,0.0618838379972581,True,1.0,0.2833851361916884,0.49208425892417385,0.36119007589886715,0.6998124382716419
ITGB6,Basal-like,808,6225,0.1148869614673681,Basal-like Structured DCIS Cells,0.09912344256002402,Tumor,Basal-like Structured DCIS Cells,0.0591387502530486,True,1.0,0.2792204310142219,0.4922378043912915,0.35292912775520974,0.6997078141866746
MMP7,Basal-like,528,3237,0.1402390438247012,Basal-like Structured DCIS Cells,0.12951934228950657,Tumor,Basal-like Structured DCIS Cells,0.0632600731117286,True,1.0,0.2746673935934872,0.5030889482773478,0.3764905741859814,0.7098397807631689
C3,Macrophage,30692,41724,0.423828988068935,Macrophages,0.05205446210002986,Vascular/Stromal,Macrophages,0.0508216943002698,True,0.9971305536258588,0.4859707499943236,0.25757970028311894,0.32623015481442,0.8286569166647745
C1QA,Macrophage,26608,27764,0.4893695284337526,Macrophages,0.042204813327589887,Vascular/Stromal,Macrophages,0.0334809706327035,True,0.9999999999999999,0.4882169400586662,0.24086076146695587,0.32553107634091905,0.829405646686222
CSF1R,Macrophage,11023,23110,0.3229426068613951,Macrophages,0.039382566898312404,Immune,Macrophages,0.0448076586741707,True,0.698357948627907,0.3914465400751548,0.3363301064861975,0.2578711262450669,0.626363633044928
CD163,Macrophage,9289,17527,0.3463976730310262,Macrophages,0.04730775925799594,Vascular/Stromal,Macrophages,0.0380799566588541,True,0.698357948627907,0.4868979053686036,0.24598221363012476,0.3263683683069255,0.8289659684562012
SIGLEC1,Macrophage,1686,5946,0.2209119496855346,Macrophages,0.08094931231402346,Immune,Macrophages,0.0481425883800089,True,0.3318646446792027,0.39059019155899627,0.4045452314304215,0.24449704622864774,0.6030961283489541
IGHA1,Plasma,18438,26679,0.4086707892812022,Plasma Cells,0.0905949294288038,Vascular/Stromal,Plasma Cells,0.0394010787546759,True,1.0,0.5201767747182683,0.2883839888021977,0.38028648278061633,0.8400589249060895
IGHM,Plasma,16588,17362,0.48860088365243,Plasma Cells,0.09084375069171084,Vascular/Stromal,Plasma Cells,0.0673240868841397,True,1.0,0.5216039017104644,0.2901215222654394,0.3825199050944841,0.8405346339034881
IGHA2,Plasma,12960,16753,0.4361727190118803,Plasma Cells,0.08151160172069533,Vascular/Stromal,Plasma Cells,0.0542187054530819,True,1.0,0.5228423536246629,0.28915464624399695,0.382308330252466,0.8409474512082209
JCHAIN,Plasma,5925,10873,0.3527205619716633,Plasma Cells,0.06362607931544352,Vascular/Stromal,Plasma Cells,0.0664026838136024,True,1.0,0.5284278971595425,0.2898023157472883,0.3862387533186603,0.8428092990531808
PIP,Rare epithelial,15324,36445,0.296007263033862,Luminal-like Amorphous DCIS Cells,0.2595607644686189,Rare epithelial,Luminal-like Amorphous DCIS Cells,0.2622535111047203,True,1.0,1.0,1.0,1.0,0.6500708341083126
HSPB8,Rare epithelial,14247,33289,0.2997096937058229,Luminal-like Amorphous DCIS Cells,0.17373191973328403,Rare epithelial,Luminal-like Amorphous DCIS Cells,0.2079910636601388,True,1.0,1.0,1.0,1.0,0.6537567117203515
CLIC6,Rare epithelial,10209,29392,0.2577965202898917,Luminal-like Amorphous DCIS Cells,0.19998782933757928,Rare epithelial,Luminal-like Amorphous DCIS Cells,0.2510711607934359,True,1.0,1.0,1.0,1.0,0.6584016438363999
TAT,Rare epithelial,8377,29913,0.2187777487594672,Apocrine Cells,0.15801255701094974,Rare epithelial,Apocrine Cells,0.0996130210477971,True,1.0,1.0,1.0,1.0,0.6208028418164436
FOXA1,Tumor shifted to basal/DCIS,148561,568219,0.2072616423449315,Basal-like Structured DCIS Cells,0.11916559306380284,Immune,Basal-like Structured DCIS Cells,0.1011858575942938,True,0.6490406876192876,0.3853658006414623,0.4057219394566262,0.2747453833851136,0.580446230798748
CTTN,Tumor shifted to basal/DCIS,48369,253516,0.1602232638256289,Basal-like Structured DCIS Cells,0.10818991656217601,Tumor,Basal-like Structured DCIS Cells,0.138346628440958,True,1.0,0.2646797108342401,0.49284862544857877,0.3519745736561074,0.702729972187392
ANO1,Tumor shifted to basal/DCIS,47247,276742,0.1458290250594927,Basal-like Structured DCIS Cells,0.08919378593605365,Tumor,Basal-like Structured DCIS Cells,0.0875474456689925,True,1.0,0.27583213378555166,0.4899612754690801,0.35429930748744776,0.6963979286453513
ESR1,Tumor shifted to basal/DCIS,24679,145312,0.1451782741439252,Basal-like Structured DCIS Cells,0.11592769991200988,Tumor,Basal-like Structured DCIS Cells,0.1326305471398448,True,1.0,0.27718207808629747,0.48959966384759107,0.3557634276057843,0.7053092333040033
FADD,Tumor shifted to basal/DCIS,10152,37386,0.2135554714123438,Basal-like Structured DCIS Cells,0.1186987258422054,Tumor,Basal-like Structured DCIS Cells,0.140927886149666,True,1.0,0.2621704781227186,0.4943652884252507,0.3542673962099171,0.7062329086140684
PGR,Tumor shifted to basal/DCIS,6300,34066,0.1560719417331417,Basal-like Structured DCIS Cells,0.10370688914253177,Immune,Basal-like Structured DCIS Cells,0.0877171749411562,True,0.6490406876192876,0.3839912726549762,0.407106418697149,0.2734870853011852,0.5755402289660917
ERBB2,Tumor shifted to basal/DCIS,1947,8620,0.1842528626857197,CXCL14+ Fibroblasts,0.16554617353437623,Vascular/Stromal,Basal-like Structured DCIS Cells,0.1256971424563656,False,0.22671323238623875,0.4935793460231474,0.24885381616620914,0.34456951157699567,0.8311931153410491
FGF3,Tumor shifted to basal/DCIS,326,1999,0.1402150537634408,11q13 Invasive Tumor Cells,0.18390942844414998,Tumor,Basal-like Structured DCIS Cells,0.1120101540662925,False,0.8692653731488574,0.18390942844414998,0.5046615748765328,0.4047611341273903,0.7571868488206223
EPAS1,Vascular,64127,119523,0.3491805063980397,Pericytes,0.03358667466405944,Vascular/Stromal,Pericytes,0.0317699745862788,True,1.0,0.5027333546149819,0.17910249650293744,0.3432972839284741,0.8342444515383273
CDH5,Vascular,6827,21345,0.2423328127218514,Endothelial Cells,0.04220910639489568,Vascular/Stromal,Endothelial Cells,0.0228811149489806,True,1.0,0.49842278044706473,0.1824459250487054,0.34135289388506085,0.832807593482355
MMRN2,Vascular,5475,16656,0.2473905381591432,Endothelial Cells,0.03958045356367607,Vascular/Stromal,Endothelial Cells,0.0248476311017395,True,1.0,0.49569927814092113,0.18506927442083004,0.34023078314522054,0.831899759380307
